"","SUCP","STATECD","SPCD","cycle_aw","STATUSCD","SizeClass","Treecount","ExpanFactor","TPA","DSTRBCD1","DSTRBYR1","Fire"
"1","35_1_1_87028","NewMexico",122,"1",1,"A",1,74.96528,74.96528,NA,NA,"0"
"2","35_1_1_87028","NewMexico",122,"2",1,"A",1,74.96528,74.96528,NA,NA,"0"
"3","35_1_31_84752","NewMexico",122,"1",1,"A",2,74.96528,149.93056,NA,NA,"0"
"4","35_1_31_84752","NewMexico",122,"2",1,"A",1,74.96528,74.96528,NA,NA,"0"
"5","35_1_31_91941","NewMexico",122,"1",1,"A",1,74.96528,74.96528,NA,NA,"0"
"6","35_1_31_91941","NewMexico",122,"2",1,"A",0,74.96528,0,NA,NA,"0"
"7","35_1_31_92736","NewMexico",122,"1",1,"A",3,74.96528,224.89584,NA,NA,"0"
"8","35_1_31_92736","NewMexico",122,"2",1,"A",1,74.96528,74.96528,NA,NA,"0"
"9","35_1_39_82509","NewMexico",122,"1",1,"A",0,74.96528,0,NA,NA,"0"
"10","35_1_39_82509","NewMexico",122,"2",1,"A",1,74.96528,74.96528,NA,NA,"0"
"11","35_1_39_84260","NewMexico",122,"1",1,"A",1,74.96528,74.96528,NA,NA,"1"
"12","35_1_39_84260","NewMexico",122,"2",1,"A",1,74.96528,74.96528,"1",2015,"1"
"13","35_1_39_84992","NewMexico",122,"1",1,"A",1,74.96528,74.96528,NA,NA,"0"
"14","35_1_39_84992","NewMexico",122,"2",1,"A",1,74.96528,74.96528,NA,NA,"0"
"15","35_1_39_86808","NewMexico",122,"1",1,"A",7,74.96528,524.75696,NA,NA,"0"
"16","35_1_39_86808","NewMexico",122,"2",1,"A",6,74.96528,449.79168,NA,NA,"0"
"17","35_1_39_87276","NewMexico",122,"1",1,"A",0,74.96528,0,NA,NA,"0"
"18","35_1_39_87276","NewMexico",122,"2",1,"A",2,74.96528,149.93056,NA,NA,"0"
"19","35_1_39_88009","NewMexico",122,"1",1,"A",1,74.96528,74.96528,NA,NA,"0"
"20","35_1_39_88009","NewMexico",122,"2",1,"A",1,74.96528,74.96528,NA,NA,"0"
"21","35_1_39_88290","NewMexico",122,"1",1,"A",1,74.96528,74.96528,NA,NA,"0"
"22","35_1_39_88290","NewMexico",122,"2",1,"A",0,74.96528,0,NA,NA,"0"
"23","35_1_43_87870","NewMexico",122,"1",1,"A",15,74.96528,1124.4792,NA,NA,"0"
"24","35_1_43_87870","NewMexico",122,"2",1,"A",11,74.96528,824.61808,NA,NA,"0"
"25","35_1_43_88067","NewMexico",122,"1",1,"A",1,74.96528,74.96528,NA,NA,"0"
"26","35_1_43_88067","NewMexico",122,"2",1,"A",1,74.96528,74.96528,NA,NA,"0"
"27","35_1_43_88597","NewMexico",122,"1",1,"A",1,74.96528,74.96528,NA,NA,"1"
"28","35_1_43_88597","NewMexico",122,"2",1,"A",0,74.96528,0,"1",2013,"1"
"29","35_1_43_89647","NewMexico",122,"1",1,"A",2,74.96528,149.93056,NA,NA,"0"
"30","35_1_43_89647","NewMexico",122,"2",1,"A",2,74.96528,149.93056,NA,NA,"0"
"31","35_1_43_90511","NewMexico",122,"1",1,"A",2,74.96528,149.93056,NA,NA,"0"
"32","35_1_43_90511","NewMexico",122,"2",1,"A",2,74.96528,149.93056,NA,NA,"0"
"33","35_1_43_91898","NewMexico",122,"1",1,"A",0,74.96528,0,NA,NA,"0"
"34","35_1_43_91898","NewMexico",122,"2",1,"A",1,74.96528,74.96528,NA,NA,"0"
"35","35_1_45_81035","NewMexico",122,"1",1,"A",0,74.96528,0,NA,NA,"0"
"36","35_1_45_81035","NewMexico",122,"2",1,"A",1,74.96528,74.96528,NA,NA,"0"
"37","35_1_45_82657","NewMexico",122,"1",1,"A",2,74.96528,149.93056,NA,NA,"0"
"38","35_1_45_82657","NewMexico",122,"2",1,"A",0,74.96528,0,NA,NA,"0"
"39","35_1_49_84952","NewMexico",122,"1",1,"A",0,74.96528,0,NA,NA,"0"
"40","35_1_49_84952","NewMexico",122,"2",1,"A",1,74.96528,74.96528,NA,NA,"0"
"41","35_1_49_87792","NewMexico",122,"1",1,"A",1,74.96528,74.96528,NA,NA,"0"
"42","35_1_49_87792","NewMexico",122,"2",1,"A",0,74.96528,0,NA,NA,"0"
"43","35_1_55_80075","NewMexico",122,"1",1,"A",4,74.96528,299.86112,NA,NA,"0"
"44","35_1_55_80075","NewMexico",122,"2",1,"A",12,74.96528,899.58336,NA,NA,"0"
"45","35_1_55_83433","NewMexico",122,"1",1,"A",1,74.96528,74.96528,NA,NA,"0"
"46","35_1_55_83433","NewMexico",122,"2",1,"A",1,74.96528,74.96528,NA,NA,"0"
"47","35_1_55_90964","NewMexico",122,"1",1,"A",2,74.96528,149.93056,NA,NA,"0"
"48","35_1_55_90964","NewMexico",122,"2",1,"A",0,74.96528,0,NA,NA,"0"
"49","35_1_6_86393","NewMexico",122,"1",1,"A",1,74.96528,74.96528,NA,NA,"0"
"50","35_1_6_86393","NewMexico",122,"2",1,"A",0,74.96528,0,NA,NA,"0"
"51","35_1_6_87819","NewMexico",122,"1",1,"A",0,74.96528,0,NA,NA,"0"
"52","35_1_6_87819","NewMexico",122,"2",1,"A",1,74.96528,74.96528,NA,NA,"0"
"53","35_1_6_88747","NewMexico",122,"1",1,"A",1,74.96528,74.96528,NA,NA,"0"
"54","35_1_6_88747","NewMexico",122,"2",1,"A",1,74.96528,74.96528,NA,NA,"0"
"55","35_1_6_90283","NewMexico",122,"1",1,"A",1,74.96528,74.96528,NA,NA,"0"
"56","35_1_6_90283","NewMexico",122,"2",1,"A",0,74.96528,0,NA,NA,"0"
"57","35_1_6_91096","NewMexico",122,"1",1,"A",4,74.96528,299.86112,NA,NA,"0"
"58","35_1_6_91096","NewMexico",122,"2",1,"A",6,74.96528,449.79168,NA,NA,"0"
"59","35_1_6_91775","NewMexico",122,"1",1,"A",1,74.96528,74.96528,NA,NA,"0"
"60","35_1_6_91775","NewMexico",122,"2",1,"A",1,74.96528,74.96528,NA,NA,"0"
"61","35_2_33_81977","NewMexico",122,"1",1,"A",1,74.96528,74.96528,NA,NA,"0"
"62","35_2_33_81977","NewMexico",122,"2",1,"A",2,74.96528,149.93056,NA,NA,"0"
"63","35_2_33_83814","NewMexico",122,"1",1,"A",6,74.96528,449.79168,NA,NA,"0"
"64","35_2_33_83814","NewMexico",122,"2",1,"A",6,74.96528,449.79168,NA,NA,"0"
"65","35_2_33_84490","NewMexico",122,"1",1,"A",1,74.96528,74.96528,NA,NA,"0"
"66","35_2_33_84490","NewMexico",122,"2",1,"A",1,74.96528,74.96528,NA,NA,"0"
"67","35_2_33_91603","NewMexico",122,"1",1,"A",1,74.96528,74.96528,NA,NA,"0"
"68","35_2_33_91603","NewMexico",122,"2",1,"A",0,74.96528,0,NA,NA,"0"
"69","35_2_33_93092","NewMexico",122,"1",1,"A",1,74.96528,74.96528,NA,NA,"0"
"70","35_2_33_93092","NewMexico",122,"2",1,"A",0,74.96528,0,NA,NA,"0"
"71","35_2_47_81024","NewMexico",122,"1",1,"A",17,74.96528,1274.40976,NA,NA,"0"
"72","35_2_47_81024","NewMexico",122,"2",1,"A",1,74.96528,74.96528,NA,NA,"0"
"73","35_2_47_82233","NewMexico",122,"1",1,"A",1,74.96528,74.96528,NA,NA,"0"
"74","35_2_47_82233","NewMexico",122,"2",1,"A",1,74.96528,74.96528,NA,NA,"0"
"75","35_2_47_82497","NewMexico",122,"1",1,"A",1,74.96528,74.96528,NA,NA,"0"
"76","35_2_47_82497","NewMexico",122,"2",1,"A",0,74.96528,0,NA,NA,"0"
"77","35_2_47_83387","NewMexico",122,"1",1,"A",44,74.96528,3298.47232,NA,NA,"0"
"78","35_2_47_83387","NewMexico",122,"2",1,"A",32,74.96528,2398.88896,NA,NA,"0"
"79","35_2_47_87144","NewMexico",122,"1",1,"A",9,74.96528,674.68752,NA,NA,"0"
"80","35_2_47_87144","NewMexico",122,"2",1,"A",5,74.96528,374.8264,NA,NA,"0"
"81","35_2_47_88271","NewMexico",122,"1",1,"A",0,74.96528,0,NA,NA,"0"
"82","35_2_47_88271","NewMexico",122,"2",1,"A",1,74.96528,74.96528,NA,NA,"0"
"83","35_2_47_89310","NewMexico",122,"1",1,"A",0,74.96528,0,NA,NA,"0"
"84","35_2_47_89310","NewMexico",122,"2",1,"A",1,74.96528,74.96528,NA,NA,"0"
"85","35_2_47_89339","NewMexico",122,"1",1,"A",1,74.96528,74.96528,NA,NA,"0"
"86","35_2_47_89339","NewMexico",122,"2",1,"A",1,74.96528,74.96528,NA,NA,"0"
"87","35_2_47_90798","NewMexico",122,"1",1,"A",0,74.96528,0,NA,NA,"0"
"88","35_2_47_90798","NewMexico",122,"2",1,"A",1,74.96528,74.96528,NA,NA,"0"
"89","35_2_57_82122","NewMexico",122,"1",1,"A",1,74.96528,74.96528,NA,NA,"1"
"90","35_2_57_82122","NewMexico",122,"2",1,"A",0,74.96528,0,"1",2009,"1"
"91","35_2_57_92627","NewMexico",122,"1",1,"A",1,74.96528,74.96528,NA,NA,"0"
"92","35_2_57_92627","NewMexico",122,"2",1,"A",0,74.96528,0,NA,NA,"0"
"93","35_2_7_80435","NewMexico",122,"1",1,"A",1,74.96528,74.96528,NA,NA,"0"
"94","35_2_7_80435","NewMexico",122,"2",1,"A",3,74.96528,224.89584,NA,NA,"0"
"95","35_2_7_82344","NewMexico",122,"1",1,"A",3,74.96528,224.89584,NA,NA,"0"
"96","35_2_7_82344","NewMexico",122,"2",1,"A",3,74.96528,224.89584,NA,NA,"0"
"97","35_2_7_84202","NewMexico",122,"1",1,"A",71,74.96528,5322.53488,NA,NA,"0"
"98","35_2_7_84202","NewMexico",122,"2",1,"A",0,74.96528,0,NA,NA,"0"
"99","35_2_7_86377","NewMexico",122,"1",1,"A",3,74.96528,224.89584,NA,NA,"0"
"100","35_2_7_86377","NewMexico",122,"2",1,"A",7,74.96528,524.75696,NA,NA,"0"
"101","35_2_7_86813","NewMexico",122,"1",1,"A",2,74.96528,149.93056,NA,NA,"0"
"102","35_2_7_86813","NewMexico",122,"2",1,"A",0,74.96528,0,NA,NA,"0"
"103","35_2_7_87274","NewMexico",122,"1",1,"A",1,74.96528,74.96528,NA,NA,"0"
"104","35_2_7_87274","NewMexico",122,"2",1,"A",1,74.96528,74.96528,NA,NA,"0"
"105","35_2_7_87422","NewMexico",122,"1",1,"A",1,74.96528,74.96528,NA,NA,"0"
"106","35_2_7_87422","NewMexico",122,"2",1,"A",0,74.96528,0,NA,NA,"0"
"107","35_2_7_87567","NewMexico",122,"1",1,"A",1,74.96528,74.96528,NA,NA,"0"
"108","35_2_7_87567","NewMexico",122,"2",1,"A",0,74.96528,0,NA,NA,"0"
"109","35_2_7_88529","NewMexico",122,"1",1,"A",0,74.96528,0,NA,NA,"0"
"110","35_2_7_88529","NewMexico",122,"2",1,"A",1,74.96528,74.96528,NA,NA,"0"
"111","35_2_7_91248","NewMexico",122,"1",1,"A",2,74.96528,149.93056,NA,NA,"0"
"112","35_2_7_91248","NewMexico",122,"2",1,"A",1,74.96528,74.96528,NA,NA,"0"
"113","35_2_7_91464","NewMexico",122,"1",1,"A",2,74.96528,149.93056,NA,NA,"0"
"114","35_2_7_91464","NewMexico",122,"2",1,"A",2,74.96528,149.93056,NA,NA,"0"
"115","35_2_7_91571","NewMexico",122,"1",1,"A",2,74.96528,149.93056,NA,NA,"0"
"116","35_2_7_91571","NewMexico",122,"2",1,"A",2,74.96528,149.93056,NA,NA,"0"
"117","35_2_7_91643","NewMexico",122,"1",1,"A",1,74.96528,74.96528,NA,NA,"0"
"118","35_2_7_91643","NewMexico",122,"2",1,"A",0,74.96528,0,NA,NA,"0"
"119","35_2_7_91828","NewMexico",122,"1",1,"A",2,74.96528,149.93056,NA,NA,"0"
"120","35_2_7_91828","NewMexico",122,"2",1,"A",1,74.96528,74.96528,NA,NA,"0"
"121","35_2_7_92045","NewMexico",122,"1",1,"A",0,74.96528,0,NA,NA,"0"
"122","35_2_7_92045","NewMexico",122,"2",1,"A",2,74.96528,149.93056,NA,NA,"0"
"123","35_2_7_92048","NewMexico",122,"1",1,"A",0,74.96528,0,NA,NA,"0"
"124","35_2_7_92048","NewMexico",122,"2",1,"A",2,74.96528,149.93056,NA,NA,"0"
"125","35_2_7_92239","NewMexico",122,"1",1,"A",1,74.96528,74.96528,NA,NA,"0"
"126","35_2_7_92239","NewMexico",122,"2",1,"A",0,74.96528,0,NA,NA,"0"
"127","35_3_17_82916","NewMexico",122,"1",1,"A",0,74.96528,0,NA,NA,"1"
"128","35_3_17_82916","NewMexico",122,"2",1,"A",1,74.96528,74.96528,"1",2012,"1"
"129","35_3_17_87605","NewMexico",122,"1",1,"A",3,74.96528,224.89584,NA,NA,"0"
"130","35_3_17_87605","NewMexico",122,"2",1,"A",2,74.96528,149.93056,NA,NA,"0"
"131","35_3_17_92268","NewMexico",122,"1",1,"A",1,74.96528,74.96528,NA,NA,"0"
"132","35_3_17_92268","NewMexico",122,"2",1,"A",0,74.96528,0,NA,NA,"0"
"133","35_3_3_80696","NewMexico",122,"1",1,"A",1,74.96528,74.96528,NA,NA,"1"
"134","35_3_3_80696","NewMexico",122,"2",1,"A",1,74.96528,74.96528,"1",2013,"1"
"135","35_3_3_80982","NewMexico",122,"1",1,"A",5,74.96528,374.8264,NA,NA,"0"
"136","35_3_3_80982","NewMexico",122,"2",1,"A",5,74.96528,374.8264,NA,NA,"0"
"137","35_3_3_81017","NewMexico",122,"1",1,"A",1,74.96528,74.96528,NA,NA,"0"
"138","35_3_3_81017","NewMexico",122,"2",1,"A",1,74.96528,74.96528,NA,NA,"0"
"139","35_3_3_81445","NewMexico",122,"1",1,"A",0,74.96528,0,NA,NA,"0"
"140","35_3_3_81445","NewMexico",122,"2",1,"A",1,74.96528,74.96528,NA,NA,"0"
"141","35_3_3_81880","NewMexico",122,"1",1,"A",7,74.96528,524.75696,NA,NA,"0"
"142","35_3_3_81880","NewMexico",122,"2",1,"A",4,74.96528,299.86112,NA,NA,"0"
"143","35_3_3_83118","NewMexico",122,"1",1,"A",1,74.96528,74.96528,NA,NA,"0"
"144","35_3_3_83118","NewMexico",122,"2",1,"A",1,74.96528,74.96528,NA,NA,"0"
"145","35_3_3_83682","NewMexico",122,"1",1,"A",1,74.96528,74.96528,NA,NA,"0"
"146","35_3_3_83682","NewMexico",122,"2",1,"A",2,74.96528,149.93056,NA,NA,"0"
"147","35_3_3_84568","NewMexico",122,"1",1,"A",2,74.96528,149.93056,NA,NA,"1"
"148","35_3_3_84568","NewMexico",122,"2",1,"A",0,74.96528,0,"1",2012,"1"
"149","35_3_3_84647","NewMexico",122,"1",1,"A",1,74.96528,74.96528,NA,NA,"0"
"150","35_3_3_84647","NewMexico",122,"2",1,"A",0,74.96528,0,NA,NA,"0"
"151","35_3_3_84914","NewMexico",122,"1",1,"A",2,74.96528,149.93056,NA,NA,"0"
"152","35_3_3_84914","NewMexico",122,"2",1,"A",1,74.96528,74.96528,NA,NA,"0"
"153","35_3_3_85412","NewMexico",122,"1",1,"A",1,74.96528,74.96528,NA,NA,"0"
"154","35_3_3_85412","NewMexico",122,"2",1,"A",1,74.96528,74.96528,NA,NA,"0"
"155","35_3_3_85548","NewMexico",122,"1",1,"A",1,74.96528,74.96528,NA,NA,"0"
"156","35_3_3_85548","NewMexico",122,"2",1,"A",0,74.96528,0,NA,NA,"0"
"157","35_3_3_86932","NewMexico",122,"1",1,"A",1,74.96528,74.96528,NA,NA,"0"
"158","35_3_3_86932","NewMexico",122,"2",1,"A",1,74.96528,74.96528,NA,NA,"0"
"159","35_3_3_87382","NewMexico",122,"1",1,"A",2,74.96528,149.93056,NA,NA,"0"
"160","35_3_3_87382","NewMexico",122,"2",1,"A",2,74.96528,149.93056,NA,NA,"0"
"161","35_3_3_89131","NewMexico",122,"1",1,"A",1,74.96528,74.96528,NA,NA,"1"
"162","35_3_3_89131","NewMexico",122,"2",1,"A",1,74.96528,74.96528,"1",2016,"1"
"163","35_3_3_89264","NewMexico",122,"1",1,"A",4,74.96528,299.86112,NA,NA,"1"
"164","35_3_3_89264","NewMexico",122,"2",1,"A",1,74.96528,74.96528,"1",2012,"1"
"165","35_3_3_90506","NewMexico",122,"1",1,"A",1,74.96528,74.96528,NA,NA,"0"
"166","35_3_3_90506","NewMexico",122,"2",1,"A",1,74.96528,74.96528,NA,NA,"0"
"167","35_3_3_90572","NewMexico",122,"1",1,"A",1,74.96528,74.96528,NA,NA,"0"
"168","35_3_3_90572","NewMexico",122,"2",1,"A",1,74.96528,74.96528,NA,NA,"0"
"169","35_3_3_91080","NewMexico",122,"1",1,"A",5,74.96528,374.8264,NA,NA,"0"
"170","35_3_3_91080","NewMexico",122,"2",1,"A",4,74.96528,299.86112,NA,NA,"0"
"171","35_3_3_91736","NewMexico",122,"1",1,"A",1,74.96528,74.96528,NA,NA,"0"
"172","35_3_3_91736","NewMexico",122,"2",1,"A",1,74.96528,74.96528,NA,NA,"0"
"173","35_3_3_91833","NewMexico",122,"1",1,"A",1,74.96528,74.96528,NA,NA,"0"
"174","35_3_3_91833","NewMexico",122,"2",1,"A",1,74.96528,74.96528,NA,NA,"0"
"175","35_3_3_92229","NewMexico",122,"1",1,"A",2,74.96528,149.93056,NA,NA,"1"
"176","35_3_3_92229","NewMexico",122,"2",1,"A",0,74.96528,0,"1",2012,"1"
"177","35_3_3_92381","NewMexico",122,"1",1,"A",1,74.96528,74.96528,NA,NA,"0"
"178","35_3_3_92381","NewMexico",122,"2",1,"A",0,74.96528,0,NA,NA,"0"
"179","35_3_51_80328","NewMexico",122,"1",1,"A",1,74.96528,74.96528,NA,NA,"0"
"180","35_3_51_80328","NewMexico",122,"2",1,"A",0,74.96528,0,NA,NA,"0"
"181","35_3_51_80569","NewMexico",122,"1",1,"A",1,74.96528,74.96528,NA,NA,"0"
"182","35_3_51_80569","NewMexico",122,"2",1,"A",0,74.96528,0,NA,NA,"0"
"183","35_3_51_81123","NewMexico",122,"1",1,"A",3,74.96528,224.89584,NA,NA,"1"
"184","35_3_51_81123","NewMexico",122,"2",1,"A",1,74.96528,74.96528,"1",2011,"1"
"185","35_3_51_83011","NewMexico",122,"1",1,"A",1,74.96528,74.96528,NA,NA,"0"
"186","35_3_51_83011","NewMexico",122,"2",1,"A",1,74.96528,74.96528,NA,NA,"0"
"187","35_3_51_91805","NewMexico",122,"1",1,"A",1,74.96528,74.96528,NA,NA,"0"
"188","35_3_51_91805","NewMexico",122,"2",1,"A",1,74.96528,74.96528,NA,NA,"0"
"189","35_3_53_80918","NewMexico",122,"1",1,"A",1,74.96528,74.96528,NA,NA,"0"
"190","35_3_53_80918","NewMexico",122,"2",1,"A",1,74.96528,74.96528,NA,NA,"0"
"191","35_3_53_91097","NewMexico",122,"1",1,"A",1,74.96528,74.96528,NA,NA,"0"
"192","35_3_53_91097","NewMexico",122,"2",1,"A",0,74.96528,0,NA,NA,"0"
"193","35_4_27_80872","NewMexico",122,"1",1,"A",4,74.96528,299.86112,NA,NA,"0"
"194","35_4_27_80872","NewMexico",122,"2",1,"A",3,74.96528,224.89584,NA,NA,"0"
"195","35_4_27_81761","NewMexico",122,"1",1,"A",1,74.96528,74.96528,NA,NA,"0"
"196","35_4_27_81761","NewMexico",122,"2",1,"A",0,74.96528,0,NA,NA,"0"
"197","35_4_27_82256","NewMexico",122,"1",1,"A",4,74.96528,299.86112,NA,NA,"1"
"198","35_4_27_82256","NewMexico",122,"2",1,"A",0,74.96528,0,"1",2013,"1"
"199","35_4_35_82439","NewMexico",122,"1",1,"A",5,74.96528,374.8264,NA,NA,"0"
"200","35_4_35_82439","NewMexico",122,"2",1,"A",3,74.96528,224.89584,NA,NA,"0"
"201","35_4_35_82786","NewMexico",122,"1",1,"A",0,74.96528,0,NA,NA,"0"
"202","35_4_35_82786","NewMexico",122,"2",1,"A",1,74.96528,74.96528,NA,NA,"0"
"203","35_4_35_87168","NewMexico",122,"1",1,"A",1,74.96528,74.96528,NA,NA,"0"
"204","35_4_35_87168","NewMexico",122,"2",1,"A",1,74.96528,74.96528,NA,NA,"0"
"205","35_4_35_88931","NewMexico",122,"1",1,"A",4,74.96528,299.86112,NA,NA,"0"
"206","35_4_35_88931","NewMexico",122,"2",1,"A",3,74.96528,224.89584,NA,NA,"0"
"207","35_4_35_89631","NewMexico",122,"1",1,"A",10,74.96528,749.6528,NA,NA,"0"
"208","35_4_35_89631","NewMexico",122,"2",1,"A",7,74.96528,524.75696,NA,NA,"0"
"209","35_4_35_89667","NewMexico",122,"1",1,"A",1,74.96528,74.96528,NA,NA,"0"
"210","35_4_35_89667","NewMexico",122,"2",1,"A",3,74.96528,224.89584,NA,NA,"0"
"211","35_4_35_90748","NewMexico",122,"1",1,"A",0,74.96528,0,NA,NA,"0"
"212","35_4_35_90748","NewMexico",122,"2",1,"A",1,74.96528,74.96528,NA,NA,"0"
"213","35_4_35_90793","NewMexico",122,"1",1,"A",0,74.96528,0,NA,NA,"0"
"214","35_4_35_90793","NewMexico",122,"2",1,"A",2,74.96528,149.93056,NA,NA,"0"
"215","4_1_11_80527","Arizona",122,"1",1,"A",3,74.96528,224.89584,NA,NA,"0"
"216","4_1_11_80527","Arizona",122,"2",1,"A",1,74.96528,74.96528,NA,NA,"0"
"217","4_1_11_81831","Arizona",122,"1",1,"A",0,74.96528,0,NA,NA,"1"
"218","4_1_11_81831","Arizona",122,"2",1,"A",2,74.96528,149.93056,"1",2012,"1"
"219","4_1_11_83482","Arizona",122,"1",1,"A",1,74.96528,74.96528,NA,NA,"0"
"220","4_1_11_83482","Arizona",122,"2",1,"A",0,74.96528,0,NA,NA,"0"
"221","4_1_11_86549","Arizona",122,"1",1,"A",1,74.96528,74.96528,NA,NA,"1"
"222","4_1_11_86549","Arizona",122,"2",1,"A",0,74.96528,0,"1",2013,"1"
"223","4_1_11_90454","Arizona",122,"1",1,"A",0,74.96528,0,NA,NA,"1"
"224","4_1_11_90454","Arizona",122,"2",1,"A",6,74.96528,449.79168,"1",2011,"1"
"225","4_1_11_90898","Arizona",122,"1",1,"A",32,74.96528,2398.88896,NA,NA,"1"
"226","4_1_11_90898","Arizona",122,"2",1,"A",1,74.96528,74.96528,"1",2007,"1"
"227","4_1_11_91054","Arizona",122,"1",1,"A",3,74.96528,224.89584,NA,NA,"0"
"228","4_1_11_91054","Arizona",122,"2",1,"A",5,74.96528,374.8264,NA,NA,"0"
"229","4_1_11_91780","Arizona",122,"1",1,"A",0,74.96528,0,NA,NA,"0"
"230","4_1_11_91780","Arizona",122,"2",1,"A",1,74.96528,74.96528,NA,NA,"0"
"231","4_1_9_81356","Arizona",122,"1",1,"A",2,74.96528,149.93056,NA,NA,"0"
"232","4_1_9_81356","Arizona",122,"2",1,"A",2,74.96528,149.93056,NA,NA,"0"
"233","4_1_9_82709","Arizona",122,"1",1,"A",0,74.96528,0,NA,NA,"0"
"234","4_1_9_82709","Arizona",122,"2",1,"A",1,74.96528,74.96528,NA,NA,"0"
"235","4_1_9_86115","Arizona",122,"1",1,"A",1,74.96528,74.96528,NA,NA,"0"
"236","4_1_9_86115","Arizona",122,"2",1,"A",1,74.96528,74.96528,NA,NA,"0"
"237","4_1_9_87425","Arizona",122,"1",1,"A",0,74.96528,0,NA,NA,"0"
"238","4_1_9_87425","Arizona",122,"2",1,"A",1,74.96528,74.96528,NA,NA,"0"
"239","4_1_9_88474","Arizona",122,"1",1,"A",0,74.96528,0,NA,NA,"0"
"240","4_1_9_88474","Arizona",122,"2",1,"A",1,74.96528,74.96528,NA,NA,"0"
"241","4_1_9_89351","Arizona",122,"1",1,"A",5,74.96528,374.8264,NA,NA,"1"
"242","4_1_9_89351","Arizona",122,"2",1,"A",0,74.96528,0,"1",2008,"1"
"243","4_2_1_80149","Arizona",122,"1",1,"A",1,74.96528,74.96528,NA,NA,"0"
"244","4_2_1_80149","Arizona",122,"2",1,"A",1,74.96528,74.96528,NA,NA,"0"
"245","4_2_1_80782","Arizona",122,"1",1,"A",1,74.96528,74.96528,NA,NA,"1"
"246","4_2_1_80782","Arizona",122,"2",1,"A",0,74.96528,0,"1",2011,"1"
"247","4_2_1_80787","Arizona",122,"1",1,"A",2,74.96528,149.93056,NA,NA,"0"
"248","4_2_1_80787","Arizona",122,"2",1,"A",1,74.96528,74.96528,NA,NA,"0"
"249","4_2_1_80812","Arizona",122,"1",1,"A",7,74.96528,524.75696,NA,NA,"1"
"250","4_2_1_80812","Arizona",122,"2",1,"A",0,74.96528,0,"1",2011,"1"
"251","4_2_1_81069","Arizona",122,"1",1,"A",1,74.96528,74.96528,NA,NA,"0"
"252","4_2_1_81069","Arizona",122,"2",1,"A",0,74.96528,0,NA,NA,"0"
"253","4_2_1_81448","Arizona",122,"1",1,"A",2,74.96528,149.93056,NA,NA,"0"
"254","4_2_1_81448","Arizona",122,"2",1,"A",2,74.96528,149.93056,NA,NA,"0"
"255","4_2_1_81509","Arizona",122,"1",1,"A",1,74.96528,74.96528,NA,NA,"1"
"256","4_2_1_81509","Arizona",122,"2",1,"A",0,74.96528,0,"1",2011,"1"
"257","4_2_1_81780","Arizona",122,"1",1,"A",2,74.96528,149.93056,NA,NA,"0"
"258","4_2_1_81780","Arizona",122,"2",1,"A",0,74.96528,0,NA,NA,"0"
"259","4_2_1_81874","Arizona",122,"1",1,"A",1,74.96528,74.96528,NA,NA,"0"
"260","4_2_1_81874","Arizona",122,"2",1,"A",0,74.96528,0,NA,NA,"0"
"261","4_2_1_82001","Arizona",122,"1",1,"A",2,74.96528,149.93056,NA,NA,"0"
"262","4_2_1_82001","Arizona",122,"2",1,"A",1,74.96528,74.96528,NA,NA,"0"
"263","4_2_1_82553","Arizona",122,"1",1,"A",0,74.96528,0,NA,NA,"0"
"264","4_2_1_82553","Arizona",122,"2",1,"A",13,74.96528,974.54864,NA,NA,"0"
"265","4_2_1_82678","Arizona",122,"1",1,"A",1,74.96528,74.96528,NA,NA,"1"
"266","4_2_1_82678","Arizona",122,"2",1,"A",0,74.96528,0,"1",2011,"1"
"267","4_2_1_83235","Arizona",122,"1",1,"A",4,74.96528,299.86112,NA,NA,"0"
"268","4_2_1_83235","Arizona",122,"2",1,"A",0,74.96528,0,NA,NA,"0"
"269","4_2_1_83690","Arizona",122,"1",1,"A",4,74.96528,299.86112,NA,NA,"0"
"270","4_2_1_83690","Arizona",122,"2",1,"A",4,74.96528,299.86112,NA,NA,"0"
"271","4_2_1_83865","Arizona",122,"1",1,"A",7,74.96528,524.75696,NA,NA,"1"
"272","4_2_1_83865","Arizona",122,"2",1,"A",0,74.96528,0,"1",2008,"1"
"273","4_2_1_83906","Arizona",122,"1",1,"A",0,74.96528,0,NA,NA,"0"
"274","4_2_1_83906","Arizona",122,"2",1,"A",2,74.96528,149.93056,NA,NA,"0"
"275","4_2_1_84339","Arizona",122,"1",1,"A",0,74.96528,0,NA,NA,"0"
"276","4_2_1_84339","Arizona",122,"2",1,"A",1,74.96528,74.96528,NA,NA,"0"
"277","4_2_1_84689","Arizona",122,"1",1,"A",1,74.96528,74.96528,NA,NA,"0"
"278","4_2_1_84689","Arizona",122,"2",1,"A",1,74.96528,74.96528,NA,NA,"0"
"279","4_2_1_85132","Arizona",122,"1",1,"A",1,74.96528,74.96528,NA,NA,"0"
"280","4_2_1_85132","Arizona",122,"2",1,"A",2,74.96528,149.93056,NA,NA,"0"
"281","4_2_1_85333","Arizona",122,"1",1,"A",5,74.96528,374.8264,NA,NA,"0"
"282","4_2_1_85333","Arizona",122,"2",1,"A",5,74.96528,374.8264,NA,NA,"0"
"283","4_2_1_85709","Arizona",122,"1",1,"A",0,74.96528,0,NA,NA,"0"
"284","4_2_1_85709","Arizona",122,"2",1,"A",1,74.96528,74.96528,NA,NA,"0"
"285","4_2_1_85737","Arizona",122,"1",1,"A",1,74.96528,74.96528,NA,NA,"1"
"286","4_2_1_85737","Arizona",122,"2",1,"A",0,74.96528,0,"1",2011,"1"
"287","4_2_1_86463","Arizona",122,"1",1,"A",6,74.96528,449.79168,NA,NA,"0"
"288","4_2_1_86463","Arizona",122,"2",1,"A",5,74.96528,374.8264,NA,NA,"0"
"289","4_2_1_86791","Arizona",122,"1",1,"A",2,74.96528,149.93056,NA,NA,"0"
"290","4_2_1_86791","Arizona",122,"2",1,"A",0,74.96528,0,NA,NA,"0"
"291","4_2_1_86880","Arizona",122,"1",1,"A",1,74.96528,74.96528,NA,NA,"0"
"292","4_2_1_86880","Arizona",122,"2",1,"A",0,74.96528,0,NA,NA,"0"
"293","4_2_1_87168","Arizona",122,"1",1,"A",23,74.96528,1724.20144,NA,NA,"0"
"294","4_2_1_87168","Arizona",122,"2",1,"A",0,74.96528,0,NA,NA,"0"
"295","4_2_1_87724","Arizona",122,"1",1,"A",0,74.96528,0,NA,NA,"0"
"296","4_2_1_87724","Arizona",122,"2",1,"A",1,74.96528,74.96528,NA,NA,"0"
"297","4_2_1_87966","Arizona",122,"1",1,"A",1,74.96528,74.96528,NA,NA,"1"
"298","4_2_1_87966","Arizona",122,"2",1,"A",0,74.96528,0,"1",2011,"1"
"299","4_2_1_87975","Arizona",122,"1",1,"A",1,74.96528,74.96528,NA,NA,"1"
"300","4_2_1_87975","Arizona",122,"2",1,"A",0,74.96528,0,"1",2011,"1"
"301","4_2_1_88215","Arizona",122,"1",1,"A",8,74.96528,599.72224,NA,NA,"0"
"302","4_2_1_88215","Arizona",122,"2",1,"A",1,74.96528,74.96528,NA,NA,"0"
"303","4_2_1_88559","Arizona",122,"1",1,"A",0,74.96528,0,NA,NA,"0"
"304","4_2_1_88559","Arizona",122,"2",1,"A",1,74.96528,74.96528,NA,NA,"0"
"305","4_2_1_88579","Arizona",122,"1",1,"A",1,74.96528,74.96528,NA,NA,"0"
"306","4_2_1_88579","Arizona",122,"2",1,"A",0,74.96528,0,NA,NA,"0"
"307","4_2_1_88667","Arizona",122,"1",1,"A",7,74.96528,524.75696,NA,NA,"0"
"308","4_2_1_88667","Arizona",122,"2",1,"A",6,74.96528,449.79168,NA,NA,"0"
"309","4_2_1_88922","Arizona",122,"1",1,"A",2,74.96528,149.93056,NA,NA,"0"
"310","4_2_1_88922","Arizona",122,"2",1,"A",0,74.96528,0,NA,NA,"0"
"311","4_2_1_89027","Arizona",122,"1",1,"A",1,74.96528,74.96528,NA,NA,"0"
"312","4_2_1_89027","Arizona",122,"2",1,"A",0,74.96528,0,NA,NA,"0"
"313","4_2_1_89131","Arizona",122,"1",1,"A",1,74.96528,74.96528,NA,NA,"0"
"314","4_2_1_89131","Arizona",122,"2",1,"A",1,74.96528,74.96528,NA,NA,"0"
"315","4_2_1_89153","Arizona",122,"1",1,"A",2,74.96528,149.93056,NA,NA,"1"
"316","4_2_1_89153","Arizona",122,"2",1,"A",1,74.96528,74.96528,"1",2011,"1"
"317","4_2_1_89182","Arizona",122,"1",1,"A",1,74.96528,74.96528,NA,NA,"0"
"318","4_2_1_89182","Arizona",122,"2",1,"A",1,74.96528,74.96528,NA,NA,"0"
"319","4_2_1_89347","Arizona",122,"1",1,"A",2,74.96528,149.93056,NA,NA,"0"
"320","4_2_1_89347","Arizona",122,"2",1,"A",0,74.96528,0,NA,NA,"0"
"321","4_2_1_89680","Arizona",122,"1",1,"A",4,74.96528,299.86112,NA,NA,"0"
"322","4_2_1_89680","Arizona",122,"2",1,"A",3,74.96528,224.89584,NA,NA,"0"
"323","4_2_1_89700","Arizona",122,"1",1,"A",3,74.96528,224.89584,NA,NA,"0"
"324","4_2_1_89700","Arizona",122,"2",1,"A",2,74.96528,149.93056,NA,NA,"0"
"325","4_2_1_90017","Arizona",122,"1",1,"A",6,74.96528,449.79168,NA,NA,"0"
"326","4_2_1_90017","Arizona",122,"2",1,"A",5,74.96528,374.8264,NA,NA,"0"
"327","4_2_1_90036","Arizona",122,"1",1,"A",2,74.96528,149.93056,NA,NA,"1"
"328","4_2_1_90036","Arizona",122,"2",1,"A",0,74.96528,0,"1",2011,"1"
"329","4_2_1_90192","Arizona",122,"1",1,"A",1,74.96528,74.96528,NA,NA,"0"
"330","4_2_1_90192","Arizona",122,"2",1,"A",1,74.96528,74.96528,NA,NA,"0"
"331","4_2_1_90273","Arizona",122,"1",1,"A",1,74.96528,74.96528,NA,NA,"0"
"332","4_2_1_90273","Arizona",122,"2",1,"A",1,74.96528,74.96528,NA,NA,"0"
"333","4_2_1_90367","Arizona",122,"1",1,"A",2,74.96528,149.93056,NA,NA,"0"
"334","4_2_1_90367","Arizona",122,"2",1,"A",2,74.96528,149.93056,NA,NA,"0"
"335","4_2_1_90896","Arizona",122,"1",1,"A",41,74.96528,3073.57648,NA,NA,"1"
"336","4_2_1_90896","Arizona",122,"2",1,"A",56,74.96528,4198.05568,"1",2011,"1"
"337","4_2_1_90909","Arizona",122,"1",1,"A",0,74.96528,0,NA,NA,"0"
"338","4_2_1_90909","Arizona",122,"2",1,"A",7,74.96528,524.75696,NA,NA,"0"
"339","4_2_1_91187","Arizona",122,"1",1,"A",0,74.96528,0,NA,NA,"0"
"340","4_2_1_91187","Arizona",122,"2",1,"A",1,74.96528,74.96528,NA,NA,"0"
"341","4_2_1_91211","Arizona",122,"1",1,"A",7,74.96528,524.75696,NA,NA,"0"
"342","4_2_1_91211","Arizona",122,"2",1,"A",5,74.96528,374.8264,NA,NA,"0"
"343","4_2_1_91500","Arizona",122,"1",1,"A",0,74.96528,0,NA,NA,"0"
"344","4_2_1_91500","Arizona",122,"2",1,"A",4,74.96528,299.86112,NA,NA,"0"
"345","4_2_1_91771","Arizona",122,"1",1,"A",14,74.96528,1049.51392,NA,NA,"0"
"346","4_2_1_91771","Arizona",122,"2",1,"A",12,74.96528,899.58336,NA,NA,"0"
"347","4_2_1_91849","Arizona",122,"1",1,"A",0,74.96528,0,NA,NA,"0"
"348","4_2_1_91849","Arizona",122,"2",1,"A",2,74.96528,149.93056,NA,NA,"0"
"349","4_2_1_92044","Arizona",122,"1",1,"A",12,74.96528,899.58336,NA,NA,"0"
"350","4_2_1_92044","Arizona",122,"2",1,"A",24,74.96528,1799.16672,NA,NA,"0"
"351","4_2_15_84278","Arizona",122,"1",1,"A",1,74.96528,74.96528,NA,NA,"0"
"352","4_2_15_84278","Arizona",122,"2",1,"A",0,74.96528,0,NA,NA,"0"
"353","4_2_17_80075","Arizona",122,"1",1,"A",0,74.96528,0,NA,NA,"0"
"354","4_2_17_80075","Arizona",122,"2",1,"A",1,74.96528,74.96528,NA,NA,"0"
"355","4_2_17_80086","Arizona",122,"1",1,"A",1,74.96528,74.96528,NA,NA,"0"
"356","4_2_17_80086","Arizona",122,"2",1,"A",1,74.96528,74.96528,NA,NA,"0"
"357","4_2_17_80309","Arizona",122,"1",1,"A",2,74.96528,149.93056,NA,NA,"1"
"358","4_2_17_80309","Arizona",122,"2",1,"A",0,74.96528,0,"1",2002,"1"
"359","4_2_17_81274","Arizona",122,"1",1,"A",2,74.96528,149.93056,NA,NA,"0"
"360","4_2_17_81274","Arizona",122,"2",1,"A",0,74.96528,0,NA,NA,"0"
"361","4_2_17_81378","Arizona",122,"1",1,"A",0,74.96528,0,NA,NA,"0"
"362","4_2_17_81378","Arizona",122,"2",1,"A",1,74.96528,74.96528,NA,NA,"0"
"363","4_2_17_81575","Arizona",122,"1",1,"A",0,74.96528,0,NA,NA,"0"
"364","4_2_17_81575","Arizona",122,"2",1,"A",1,74.96528,74.96528,NA,NA,"0"
"365","4_2_17_81822","Arizona",122,"1",1,"A",6,74.96528,449.79168,NA,NA,"1"
"366","4_2_17_81822","Arizona",122,"2",1,"A",0,74.96528,0,"1",2002,"1"
"367","4_2_17_83080","Arizona",122,"1",1,"A",1,74.96528,74.96528,NA,NA,"0"
"368","4_2_17_83080","Arizona",122,"2",1,"A",0,74.96528,0,NA,NA,"0"
"369","4_2_17_83336","Arizona",122,"1",1,"A",24,74.96528,1799.16672,NA,NA,"1"
"370","4_2_17_83336","Arizona",122,"2",1,"A",1,74.96528,74.96528,"1",2002,"1"
"371","4_2_17_83364","Arizona",122,"1",1,"A",0,74.96528,0,NA,NA,"0"
"372","4_2_17_83364","Arizona",122,"2",1,"A",3,74.96528,224.89584,NA,NA,"0"
"373","4_2_17_83519","Arizona",122,"1",1,"A",1,74.96528,74.96528,NA,NA,"0"
"374","4_2_17_83519","Arizona",122,"2",1,"A",1,74.96528,74.96528,NA,NA,"0"
"375","4_2_17_83820","Arizona",122,"1",1,"A",2,74.96528,149.93056,NA,NA,"0"
"376","4_2_17_83820","Arizona",122,"2",1,"A",2,74.96528,149.93056,NA,NA,"0"
"377","4_2_17_83913","Arizona",122,"1",1,"A",1,74.96528,74.96528,NA,NA,"0"
"378","4_2_17_83913","Arizona",122,"2",1,"A",1,74.96528,74.96528,NA,NA,"0"
"379","4_2_17_84756","Arizona",122,"1",1,"A",1,74.96528,74.96528,NA,NA,"0"
"380","4_2_17_84756","Arizona",122,"2",1,"A",1,74.96528,74.96528,NA,NA,"0"
"381","4_2_17_84823","Arizona",122,"1",1,"A",1,74.96528,74.96528,NA,NA,"0"
"382","4_2_17_84823","Arizona",122,"2",1,"A",1,74.96528,74.96528,NA,NA,"0"
"383","4_2_17_85838","Arizona",122,"1",1,"A",52,74.96528,3898.19456,NA,NA,"0"
"384","4_2_17_85838","Arizona",122,"2",1,"A",21,74.96528,1574.27088,NA,NA,"0"
"385","4_2_17_87144","Arizona",122,"1",1,"A",4,74.96528,299.86112,NA,NA,"0"
"386","4_2_17_87144","Arizona",122,"2",1,"A",3,74.96528,224.89584,NA,NA,"0"
"387","4_2_17_87313","Arizona",122,"1",1,"A",0,74.96528,0,NA,NA,"0"
"388","4_2_17_87313","Arizona",122,"2",1,"A",1,74.96528,74.96528,NA,NA,"0"
"389","4_2_17_87727","Arizona",122,"1",1,"A",1,74.96528,74.96528,NA,NA,"0"
"390","4_2_17_87727","Arizona",122,"2",1,"A",3,74.96528,224.89584,NA,NA,"0"
"391","4_2_17_87934","Arizona",122,"1",1,"A",0,74.96528,0,NA,NA,"0"
"392","4_2_17_87934","Arizona",122,"2",1,"A",3,74.96528,224.89584,NA,NA,"0"
"393","4_2_17_88291","Arizona",122,"1",1,"A",1,74.96528,74.96528,NA,NA,"1"
"394","4_2_17_88291","Arizona",122,"2",1,"A",3,74.96528,224.89584,"1",2002,"1"
"395","4_2_17_88348","Arizona",122,"1",1,"A",1,74.96528,74.96528,NA,NA,"0"
"396","4_2_17_88348","Arizona",122,"2",1,"A",1,74.96528,74.96528,NA,NA,"0"
"397","4_2_17_89103","Arizona",122,"1",1,"A",1,74.96528,74.96528,NA,NA,"0"
"398","4_2_17_89103","Arizona",122,"2",1,"A",0,74.96528,0,NA,NA,"0"
"399","4_2_17_90018","Arizona",122,"1",1,"A",1,74.96528,74.96528,NA,NA,"0"
"400","4_2_17_90018","Arizona",122,"2",1,"A",0,74.96528,0,NA,NA,"0"
"401","4_2_17_90066","Arizona",122,"1",1,"A",0,74.96528,0,NA,NA,"0"
"402","4_2_17_90066","Arizona",122,"2",1,"A",1,74.96528,74.96528,NA,NA,"0"
"403","4_2_17_90933","Arizona",122,"1",1,"A",3,74.96528,224.89584,NA,NA,"0"
"404","4_2_17_90933","Arizona",122,"2",1,"A",1,74.96528,74.96528,NA,NA,"0"
"405","4_2_17_91102","Arizona",122,"1",1,"A",2,74.96528,149.93056,NA,NA,"0"
"406","4_2_17_91102","Arizona",122,"2",1,"A",0,74.96528,0,NA,NA,"0"
"407","4_2_17_91257","Arizona",122,"1",1,"A",6,74.96528,449.79168,NA,NA,"1"
"408","4_2_17_91257","Arizona",122,"2",1,"A",9,74.96528,674.68752,"1",2002,"1"
"409","4_2_17_92066","Arizona",122,"1",1,"A",7,74.96528,524.75696,NA,NA,"0"
"410","4_2_17_92066","Arizona",122,"2",1,"A",2,74.96528,149.93056,NA,NA,"0"
"411","4_2_25_80129","Arizona",122,"1",1,"A",2,74.96528,149.93056,NA,NA,"1"
"412","4_2_25_80129","Arizona",122,"2",1,"A",0,74.96528,0,"1",2006,"1"
"413","4_2_25_81867","Arizona",122,"1",1,"A",1,74.96528,74.96528,NA,NA,"1"
"414","4_2_25_81867","Arizona",122,"2",1,"A",0,74.96528,0,"1",2008,"1"
"415","4_2_25_82140","Arizona",122,"1",1,"A",6,74.96528,449.79168,NA,NA,"1"
"416","4_2_25_82140","Arizona",122,"2",1,"A",0,74.96528,0,"1",2008,"1"
"417","4_2_25_82972","Arizona",122,"1",1,"A",1,74.96528,74.96528,NA,NA,"0"
"418","4_2_25_82972","Arizona",122,"2",1,"A",0,74.96528,0,NA,NA,"0"
"419","4_2_25_84798","Arizona",122,"1",1,"A",2,74.96528,149.93056,NA,NA,"1"
"420","4_2_25_84798","Arizona",122,"2",1,"A",1,74.96528,74.96528,"1",2005,"1"
"421","4_2_5_80013","Arizona",122,"1",1,"A",4,74.96528,299.86112,NA,NA,"0"
"422","4_2_5_80013","Arizona",122,"2",1,"A",1,74.96528,74.96528,NA,NA,"0"
"423","4_2_5_80032","Arizona",122,"1",1,"A",1,74.96528,74.96528,NA,NA,"0"
"424","4_2_5_80032","Arizona",122,"2",1,"A",0,74.96528,0,NA,NA,"0"
"425","4_2_5_80051","Arizona",122,"1",1,"A",1,74.96528,74.96528,NA,NA,"0"
"426","4_2_5_80051","Arizona",122,"2",1,"A",2,74.96528,149.93056,NA,NA,"0"
"427","4_2_5_80102","Arizona",122,"1",1,"A",1,74.96528,74.96528,NA,NA,"0"
"428","4_2_5_80102","Arizona",122,"2",1,"A",1,74.96528,74.96528,NA,NA,"0"
"429","4_2_5_80202","Arizona",122,"1",1,"A",2,74.96528,149.93056,NA,NA,"0"
"430","4_2_5_80202","Arizona",122,"2",1,"A",1,74.96528,74.96528,NA,NA,"0"
"431","4_2_5_80346","Arizona",122,"1",1,"A",13,74.96528,974.54864,NA,NA,"0"
"432","4_2_5_80346","Arizona",122,"2",1,"A",7,74.96528,524.75696,NA,NA,"0"
"433","4_2_5_80406","Arizona",122,"1",1,"A",1,74.96528,74.96528,NA,NA,"0"
"434","4_2_5_80406","Arizona",122,"2",1,"A",1,74.96528,74.96528,NA,NA,"0"
"435","4_2_5_80531","Arizona",122,"1",1,"A",3,74.96528,224.89584,NA,NA,"0"
"436","4_2_5_80531","Arizona",122,"2",1,"A",1,74.96528,74.96528,NA,NA,"0"
"437","4_2_5_80619","Arizona",122,"1",1,"A",1,74.96528,74.96528,NA,NA,"0"
"438","4_2_5_80619","Arizona",122,"2",1,"A",0,74.96528,0,NA,NA,"0"
"439","4_2_5_80631","Arizona",122,"1",1,"A",1,74.96528,74.96528,NA,NA,"0"
"440","4_2_5_80631","Arizona",122,"2",1,"A",0,74.96528,0,NA,NA,"0"
"441","4_2_5_80748","Arizona",122,"1",1,"A",4,74.96528,299.86112,NA,NA,"0"
"442","4_2_5_80748","Arizona",122,"2",1,"A",4,74.96528,299.86112,NA,NA,"0"
"443","4_2_5_80851","Arizona",122,"1",1,"A",0,74.96528,0,NA,NA,"0"
"444","4_2_5_80851","Arizona",122,"2",1,"A",1,74.96528,74.96528,NA,NA,"0"
"445","4_2_5_80941","Arizona",122,"1",1,"A",4,74.96528,299.86112,NA,NA,"0"
"446","4_2_5_80941","Arizona",122,"2",1,"A",7,74.96528,524.75696,NA,NA,"0"
"447","4_2_5_81010","Arizona",122,"1",1,"A",4,74.96528,299.86112,NA,NA,"0"
"448","4_2_5_81010","Arizona",122,"2",1,"A",1,74.96528,74.96528,NA,NA,"0"
"449","4_2_5_81280","Arizona",122,"1",1,"A",6,74.96528,449.79168,NA,NA,"0"
"450","4_2_5_81280","Arizona",122,"2",1,"A",5,74.96528,374.8264,NA,NA,"0"
"451","4_2_5_81674","Arizona",122,"1",1,"A",8,74.96528,599.72224,NA,NA,"0"
"452","4_2_5_81674","Arizona",122,"2",1,"A",8,74.96528,599.72224,NA,NA,"0"
"453","4_2_5_81746","Arizona",122,"1",1,"A",0,74.96528,0,NA,NA,"0"
"454","4_2_5_81746","Arizona",122,"2",1,"A",1,74.96528,74.96528,NA,NA,"0"
"455","4_2_5_81776","Arizona",122,"1",1,"A",1,74.96528,74.96528,NA,NA,"0"
"456","4_2_5_81776","Arizona",122,"2",1,"A",1,74.96528,74.96528,NA,NA,"0"
"457","4_2_5_81906","Arizona",122,"1",1,"A",1,74.96528,74.96528,NA,NA,"0"
"458","4_2_5_81906","Arizona",122,"2",1,"A",1,74.96528,74.96528,NA,NA,"0"
"459","4_2_5_81957","Arizona",122,"1",1,"A",1,74.96528,74.96528,NA,NA,"0"
"460","4_2_5_81957","Arizona",122,"2",1,"A",1,74.96528,74.96528,NA,NA,"0"
"461","4_2_5_82333","Arizona",122,"1",1,"A",0,74.96528,0,NA,NA,"0"
"462","4_2_5_82333","Arizona",122,"2",1,"A",3,74.96528,224.89584,NA,NA,"0"
"463","4_2_5_82372","Arizona",122,"1",1,"A",0,74.96528,0,NA,NA,"1"
"464","4_2_5_82372","Arizona",122,"2",1,"A",1,74.96528,74.96528,"1",2017,"1"
"465","4_2_5_82570","Arizona",122,"1",1,"A",2,74.96528,149.93056,NA,NA,"0"
"466","4_2_5_82570","Arizona",122,"2",1,"A",2,74.96528,149.93056,NA,NA,"0"
"467","4_2_5_82604","Arizona",122,"1",1,"A",2,74.96528,149.93056,NA,NA,"1"
"468","4_2_5_82604","Arizona",122,"2",1,"A",0,74.96528,0,"1",2011,"1"
"469","4_2_5_82657","Arizona",122,"1",1,"A",1,74.96528,74.96528,NA,NA,"0"
"470","4_2_5_82657","Arizona",122,"2",1,"A",0,74.96528,0,NA,NA,"0"
"471","4_2_5_82748","Arizona",122,"1",1,"A",1,74.96528,74.96528,NA,NA,"0"
"472","4_2_5_82748","Arizona",122,"2",1,"A",1,74.96528,74.96528,NA,NA,"0"
"473","4_2_5_82983","Arizona",122,"1",1,"A",3,74.96528,224.89584,NA,NA,"0"
"474","4_2_5_82983","Arizona",122,"2",1,"A",0,74.96528,0,NA,NA,"0"
"475","4_2_5_83057","Arizona",122,"1",1,"A",0,74.96528,0,NA,NA,"0"
"476","4_2_5_83057","Arizona",122,"2",1,"A",22,74.96528,1649.23616,NA,NA,"0"
"477","4_2_5_83081","Arizona",122,"1",1,"A",2,74.96528,149.93056,NA,NA,"0"
"478","4_2_5_83081","Arizona",122,"2",1,"A",2,74.96528,149.93056,NA,NA,"0"
"479","4_2_5_83141","Arizona",122,"1",1,"A",2,74.96528,149.93056,NA,NA,"0"
"480","4_2_5_83141","Arizona",122,"2",1,"A",0,74.96528,0,NA,NA,"0"
"481","4_2_5_83345","Arizona",122,"1",1,"A",1,74.96528,74.96528,NA,NA,"0"
"482","4_2_5_83345","Arizona",122,"2",1,"A",2,74.96528,149.93056,NA,NA,"0"
"483","4_2_5_83588","Arizona",122,"1",1,"A",2,74.96528,149.93056,NA,NA,"0"
"484","4_2_5_83588","Arizona",122,"2",1,"A",0,74.96528,0,NA,NA,"0"
"485","4_2_5_83868","Arizona",122,"1",1,"A",1,74.96528,74.96528,NA,NA,"0"
"486","4_2_5_83868","Arizona",122,"2",1,"A",1,74.96528,74.96528,NA,NA,"0"
"487","4_2_5_84042","Arizona",122,"1",1,"A",1,74.96528,74.96528,NA,NA,"0"
"488","4_2_5_84042","Arizona",122,"2",1,"A",0,74.96528,0,NA,NA,"0"
"489","4_2_5_84078","Arizona",122,"1",1,"A",0,74.96528,0,NA,NA,"0"
"490","4_2_5_84078","Arizona",122,"2",1,"A",2,74.96528,149.93056,NA,NA,"0"
"491","4_2_5_84215","Arizona",122,"1",1,"A",1,74.96528,74.96528,NA,NA,"0"
"492","4_2_5_84215","Arizona",122,"2",1,"A",0,74.96528,0,NA,NA,"0"
"493","4_2_5_84241","Arizona",122,"1",1,"A",0,74.96528,0,NA,NA,"0"
"494","4_2_5_84241","Arizona",122,"2",1,"A",1,74.96528,74.96528,NA,NA,"0"
"495","4_2_5_84287","Arizona",122,"1",1,"A",1,74.96528,74.96528,NA,NA,"0"
"496","4_2_5_84287","Arizona",122,"2",1,"A",0,74.96528,0,NA,NA,"0"
"497","4_2_5_84374","Arizona",122,"1",1,"A",3,74.96528,224.89584,NA,NA,"0"
"498","4_2_5_84374","Arizona",122,"2",1,"A",0,74.96528,0,NA,NA,"0"
"499","4_2_5_84681","Arizona",122,"1",1,"A",1,74.96528,74.96528,NA,NA,"0"
"500","4_2_5_84681","Arizona",122,"2",1,"A",2,74.96528,149.93056,NA,NA,"0"
"501","4_2_5_84718","Arizona",122,"1",1,"A",1,74.96528,74.96528,NA,NA,"0"
"502","4_2_5_84718","Arizona",122,"2",1,"A",0,74.96528,0,NA,NA,"0"
"503","4_2_5_84871","Arizona",122,"1",1,"A",9,74.96528,674.68752,NA,NA,"0"
"504","4_2_5_84871","Arizona",122,"2",1,"A",7,74.96528,524.75696,NA,NA,"0"
"505","4_2_5_84944","Arizona",122,"1",1,"A",8,74.96528,599.72224,NA,NA,"1"
"506","4_2_5_84944","Arizona",122,"2",1,"A",5,74.96528,374.8264,"1",2010,"1"
"507","4_2_5_84972","Arizona",122,"1",1,"A",2,74.96528,149.93056,NA,NA,"1"
"508","4_2_5_84972","Arizona",122,"2",1,"A",0,74.96528,0,"1",2007,"1"
"509","4_2_5_85011","Arizona",122,"1",1,"A",1,74.96528,74.96528,NA,NA,"0"
"510","4_2_5_85011","Arizona",122,"2",1,"A",0,74.96528,0,NA,NA,"0"
"511","4_2_5_85075","Arizona",122,"1",1,"A",1,74.96528,74.96528,NA,NA,"0"
"512","4_2_5_85075","Arizona",122,"2",1,"A",1,74.96528,74.96528,NA,NA,"0"
"513","4_2_5_85086","Arizona",122,"1",1,"A",3,74.96528,224.89584,NA,NA,"0"
"514","4_2_5_85086","Arizona",122,"2",1,"A",1,74.96528,74.96528,NA,NA,"0"
"515","4_2_5_85118","Arizona",122,"1",1,"A",0,74.96528,0,NA,NA,"1"
"516","4_2_5_85118","Arizona",122,"2",1,"A",3,74.96528,224.89584,"1",2008,"1"
"517","4_2_5_85203","Arizona",122,"1",1,"A",10,74.96528,749.6528,NA,NA,"1"
"518","4_2_5_85203","Arizona",122,"2",1,"A",5,74.96528,374.8264,"1",2013,"1"
"519","4_2_5_85332","Arizona",122,"1",1,"A",5,74.96528,374.8264,NA,NA,"0"
"520","4_2_5_85332","Arizona",122,"2",1,"A",4,74.96528,299.86112,NA,NA,"0"
"521","4_2_5_85766","Arizona",122,"1",1,"A",4,74.96528,299.86112,NA,NA,"0"
"522","4_2_5_85766","Arizona",122,"2",1,"A",4,74.96528,299.86112,NA,NA,"0"
"523","4_2_5_85912","Arizona",122,"1",1,"A",2,74.96528,149.93056,NA,NA,"1"
"524","4_2_5_85912","Arizona",122,"2",1,"A",0,74.96528,0,"1",2008,"1"
"525","4_2_5_85919","Arizona",122,"1",1,"A",0,74.96528,0,NA,NA,"0"
"526","4_2_5_85919","Arizona",122,"2",1,"A",7,74.96528,524.75696,NA,NA,"0"
"527","4_2_5_86011","Arizona",122,"1",1,"A",3,74.96528,224.89584,NA,NA,"0"
"528","4_2_5_86011","Arizona",122,"2",1,"A",1,74.96528,74.96528,NA,NA,"0"
"529","4_2_5_86068","Arizona",122,"1",1,"A",2,74.96528,149.93056,NA,NA,"1"
"530","4_2_5_86068","Arizona",122,"2",1,"A",0,74.96528,0,"1",2005,"1"
"531","4_2_5_86094","Arizona",122,"1",1,"A",1,74.96528,74.96528,NA,NA,"0"
"532","4_2_5_86094","Arizona",122,"2",1,"A",0,74.96528,0,NA,NA,"0"
"533","4_2_5_86300","Arizona",122,"1",1,"A",2,74.96528,149.93056,NA,NA,"0"
"534","4_2_5_86300","Arizona",122,"2",1,"A",0,74.96528,0,NA,NA,"0"
"535","4_2_5_86413","Arizona",122,"1",1,"A",25,74.96528,1874.132,NA,NA,"0"
"536","4_2_5_86413","Arizona",122,"2",1,"A",13,74.96528,974.54864,NA,NA,"0"
"537","4_2_5_86710","Arizona",122,"1",1,"A",0,74.96528,0,NA,NA,"0"
"538","4_2_5_86710","Arizona",122,"2",1,"A",2,74.96528,149.93056,NA,NA,"0"
"539","4_2_5_86870","Arizona",122,"1",1,"A",5,74.96528,374.8264,NA,NA,"0"
"540","4_2_5_86870","Arizona",122,"2",1,"A",5,74.96528,374.8264,NA,NA,"0"
"541","4_2_5_86931","Arizona",122,"1",1,"A",1,74.96528,74.96528,NA,NA,"0"
"542","4_2_5_86931","Arizona",122,"2",1,"A",0,74.96528,0,NA,NA,"0"
"543","4_2_5_87052","Arizona",122,"1",1,"A",1,74.96528,74.96528,NA,NA,"0"
"544","4_2_5_87052","Arizona",122,"2",1,"A",2,74.96528,149.93056,NA,NA,"0"
"545","4_2_5_87129","Arizona",122,"1",1,"A",6,74.96528,449.79168,NA,NA,"0"
"546","4_2_5_87129","Arizona",122,"2",1,"A",2,74.96528,149.93056,NA,NA,"0"
"547","4_2_5_87368","Arizona",122,"1",1,"A",2,74.96528,149.93056,NA,NA,"0"
"548","4_2_5_87368","Arizona",122,"2",1,"A",0,74.96528,0,NA,NA,"0"
"549","4_2_5_87507","Arizona",122,"1",1,"A",0,74.96528,0,NA,NA,"0"
"550","4_2_5_87507","Arizona",122,"2",1,"A",1,74.96528,74.96528,NA,NA,"0"
"551","4_2_5_87514","Arizona",122,"1",1,"A",1,74.96528,74.96528,NA,NA,"0"
"552","4_2_5_87514","Arizona",122,"2",1,"A",0,74.96528,0,NA,NA,"0"
"553","4_2_5_87644","Arizona",122,"1",1,"A",0,74.96528,0,NA,NA,"1"
"554","4_2_5_87644","Arizona",122,"2",1,"A",3,74.96528,224.89584,"1",2007,"1"
"555","4_2_5_87671","Arizona",122,"1",1,"A",0,74.96528,0,NA,NA,"0"
"556","4_2_5_87671","Arizona",122,"2",1,"A",7,74.96528,524.75696,NA,NA,"0"
"557","4_2_5_87678","Arizona",122,"1",1,"A",0,74.96528,0,NA,NA,"0"
"558","4_2_5_87678","Arizona",122,"2",1,"A",19,74.96528,1424.34032,NA,NA,"0"
"559","4_2_5_87810","Arizona",122,"1",1,"A",1,74.96528,74.96528,NA,NA,"0"
"560","4_2_5_87810","Arizona",122,"2",1,"A",1,74.96528,74.96528,NA,NA,"0"
"561","4_2_5_87848","Arizona",122,"1",1,"A",19,74.96528,1424.34032,NA,NA,"0"
"562","4_2_5_87848","Arizona",122,"2",1,"A",2,74.96528,149.93056,NA,NA,"0"
"563","4_2_5_87918","Arizona",122,"1",1,"A",1,74.96528,74.96528,NA,NA,"0"
"564","4_2_5_87918","Arizona",122,"2",1,"A",18,74.96528,1349.37504,NA,NA,"0"
"565","4_2_5_87964","Arizona",122,"1",1,"A",1,74.96528,74.96528,NA,NA,"0"
"566","4_2_5_87964","Arizona",122,"2",1,"A",0,74.96528,0,NA,NA,"0"
"567","4_2_5_87989","Arizona",122,"1",1,"A",4,74.96528,299.86112,NA,NA,"0"
"568","4_2_5_87989","Arizona",122,"2",1,"A",0,74.96528,0,NA,NA,"0"
"569","4_2_5_88589","Arizona",122,"1",1,"A",1,74.96528,74.96528,NA,NA,"1"
"570","4_2_5_88589","Arizona",122,"2",1,"A",1,74.96528,74.96528,"1",2015,"1"
"571","4_2_5_88611","Arizona",122,"1",1,"A",1,74.96528,74.96528,NA,NA,"0"
"572","4_2_5_88611","Arizona",122,"2",1,"A",1,74.96528,74.96528,NA,NA,"0"
"573","4_2_5_88867","Arizona",122,"1",1,"A",2,74.96528,149.93056,NA,NA,"0"
"574","4_2_5_88867","Arizona",122,"2",1,"A",0,74.96528,0,NA,NA,"0"
"575","4_2_5_89139","Arizona",122,"1",1,"A",2,74.96528,149.93056,NA,NA,"0"
"576","4_2_5_89139","Arizona",122,"2",1,"A",0,74.96528,0,NA,NA,"0"
"577","4_2_5_89273","Arizona",122,"1",1,"A",3,74.96528,224.89584,NA,NA,"0"
"578","4_2_5_89273","Arizona",122,"2",1,"A",2,74.96528,149.93056,NA,NA,"0"
"579","4_2_5_89382","Arizona",122,"1",1,"A",4,74.96528,299.86112,NA,NA,"0"
"580","4_2_5_89382","Arizona",122,"2",1,"A",1,74.96528,74.96528,NA,NA,"0"
"581","4_2_5_89643","Arizona",122,"1",1,"A",0,74.96528,0,NA,NA,"0"
"582","4_2_5_89643","Arizona",122,"2",1,"A",3,74.96528,224.89584,NA,NA,"0"
"583","4_2_5_89751","Arizona",122,"1",1,"A",3,74.96528,224.89584,NA,NA,"0"
"584","4_2_5_89751","Arizona",122,"2",1,"A",3,74.96528,224.89584,NA,NA,"0"
"585","4_2_5_89837","Arizona",122,"1",1,"A",0,74.96528,0,NA,NA,"0"
"586","4_2_5_89837","Arizona",122,"2",1,"A",3,74.96528,224.89584,NA,NA,"0"
"587","4_2_5_89919","Arizona",122,"1",1,"A",2,74.96528,149.93056,NA,NA,"0"
"588","4_2_5_89919","Arizona",122,"2",1,"A",0,74.96528,0,NA,NA,"0"
"589","4_2_5_90159","Arizona",122,"1",1,"A",0,74.96528,0,NA,NA,"0"
"590","4_2_5_90159","Arizona",122,"2",1,"A",1,74.96528,74.96528,NA,NA,"0"
"591","4_2_5_90168","Arizona",122,"1",1,"A",9,74.96528,674.68752,NA,NA,"0"
"592","4_2_5_90168","Arizona",122,"2",1,"A",0,74.96528,0,NA,NA,"0"
"593","4_2_5_90314","Arizona",122,"1",1,"A",2,74.96528,149.93056,NA,NA,"1"
"594","4_2_5_90314","Arizona",122,"2",1,"A",0,74.96528,0,"1",2011,"1"
"595","4_2_5_90481","Arizona",122,"1",1,"A",2,74.96528,149.93056,NA,NA,"0"
"596","4_2_5_90481","Arizona",122,"2",1,"A",2,74.96528,149.93056,NA,NA,"0"
"597","4_2_5_90496","Arizona",122,"1",1,"A",1,74.96528,74.96528,NA,NA,"0"
"598","4_2_5_90496","Arizona",122,"2",1,"A",0,74.96528,0,NA,NA,"0"
"599","4_2_5_90587","Arizona",122,"1",1,"A",11,74.96528,824.61808,NA,NA,"0"
"600","4_2_5_90587","Arizona",122,"2",1,"A",9,74.96528,674.68752,NA,NA,"0"
"601","4_2_5_91048","Arizona",122,"1",1,"A",11,74.96528,824.61808,NA,NA,"0"
"602","4_2_5_91048","Arizona",122,"2",1,"A",1,74.96528,74.96528,NA,NA,"0"
"603","4_2_5_91197","Arizona",122,"1",1,"A",1,74.96528,74.96528,NA,NA,"0"
"604","4_2_5_91197","Arizona",122,"2",1,"A",0,74.96528,0,NA,NA,"0"
"605","4_2_5_91276","Arizona",122,"1",1,"A",0,74.96528,0,NA,NA,"0"
"606","4_2_5_91276","Arizona",122,"2",1,"A",1,74.96528,74.96528,NA,NA,"0"
"607","4_2_5_91293","Arizona",122,"1",1,"A",1,74.96528,74.96528,NA,NA,"0"
"608","4_2_5_91293","Arizona",122,"2",1,"A",1,74.96528,74.96528,NA,NA,"0"
"609","4_2_5_91478","Arizona",122,"1",1,"A",1,74.96528,74.96528,NA,NA,"0"
"610","4_2_5_91478","Arizona",122,"2",1,"A",1,74.96528,74.96528,NA,NA,"0"
"611","4_2_5_91653","Arizona",122,"1",1,"A",1,74.96528,74.96528,NA,NA,"0"
"612","4_2_5_91653","Arizona",122,"2",1,"A",1,74.96528,74.96528,NA,NA,"0"
"613","4_2_5_91923","Arizona",122,"1",1,"A",1,74.96528,74.96528,NA,NA,"0"
"614","4_2_5_91923","Arizona",122,"2",1,"A",0,74.96528,0,NA,NA,"0"
"615","4_2_5_92054","Arizona",122,"1",1,"A",1,74.96528,74.96528,NA,NA,"0"
"616","4_2_5_92054","Arizona",122,"2",1,"A",0,74.96528,0,NA,NA,"0"
"617","4_2_5_92182","Arizona",122,"1",1,"A",1,74.96528,74.96528,NA,NA,"0"
"618","4_2_5_92182","Arizona",122,"2",1,"A",1,74.96528,74.96528,NA,NA,"0"
"619","4_2_5_92258","Arizona",122,"1",1,"A",2,74.96528,149.93056,NA,NA,"0"
"620","4_2_5_92258","Arizona",122,"2",1,"A",1,74.96528,74.96528,NA,NA,"0"
"621","4_2_7_80600","Arizona",122,"1",1,"A",0,74.96528,0,NA,NA,"0"
"622","4_2_7_80600","Arizona",122,"2",1,"A",2,74.96528,149.93056,NA,NA,"0"
"623","4_2_7_80948","Arizona",122,"1",1,"A",0,74.96528,0,NA,NA,"0"
"624","4_2_7_80948","Arizona",122,"2",1,"A",1,74.96528,74.96528,NA,NA,"0"
"625","4_2_7_82112","Arizona",122,"1",1,"A",1,74.96528,74.96528,NA,NA,"0"
"626","4_2_7_82112","Arizona",122,"2",1,"A",0,74.96528,0,NA,NA,"0"
"627","4_2_7_82816","Arizona",122,"1",1,"A",32,74.96528,2398.88896,NA,NA,"0"
"628","4_2_7_82816","Arizona",122,"2",1,"A",16,74.96528,1199.44448,NA,NA,"0"
"629","4_2_7_83242","Arizona",122,"1",1,"A",0,74.96528,0,NA,NA,"0"
"630","4_2_7_83242","Arizona",122,"2",1,"A",1,74.96528,74.96528,NA,NA,"0"
"631","4_2_7_85264","Arizona",122,"1",1,"A",3,74.96528,224.89584,NA,NA,"1"
"632","4_2_7_85264","Arizona",122,"2",1,"A",2,74.96528,149.93056,"1",2018,"1"
"633","4_2_7_86140","Arizona",122,"1",1,"A",0,74.96528,0,NA,NA,"0"
"634","4_2_7_86140","Arizona",122,"2",1,"A",1,74.96528,74.96528,NA,NA,"0"
"635","4_2_7_86203","Arizona",122,"1",1,"A",1,74.96528,74.96528,NA,NA,"0"
"636","4_2_7_86203","Arizona",122,"2",1,"A",0,74.96528,0,NA,NA,"0"
"637","4_2_7_86756","Arizona",122,"1",1,"A",0,74.96528,0,NA,NA,"0"
"638","4_2_7_86756","Arizona",122,"2",1,"A",2,74.96528,149.93056,NA,NA,"0"
"639","4_2_7_86777","Arizona",122,"1",1,"A",1,74.96528,74.96528,NA,NA,"0"
"640","4_2_7_86777","Arizona",122,"2",1,"A",1,74.96528,74.96528,NA,NA,"0"
"641","4_2_7_86999","Arizona",122,"1",1,"A",1,74.96528,74.96528,NA,NA,"0"
"642","4_2_7_86999","Arizona",122,"2",1,"A",0,74.96528,0,NA,NA,"0"
"643","4_2_7_87016","Arizona",122,"1",1,"A",1,74.96528,74.96528,NA,NA,"0"
"644","4_2_7_87016","Arizona",122,"2",1,"A",5,74.96528,374.8264,NA,NA,"0"
"645","4_2_7_87023","Arizona",122,"1",1,"A",0,74.96528,0,NA,NA,"0"
"646","4_2_7_87023","Arizona",122,"2",1,"A",1,74.96528,74.96528,NA,NA,"0"
"647","4_2_7_87364","Arizona",122,"1",1,"A",1,74.96528,74.96528,NA,NA,"1"
"648","4_2_7_87364","Arizona",122,"2",1,"A",0,74.96528,0,"1",2015,"1"
"649","4_2_7_87828","Arizona",122,"1",1,"A",2,74.96528,149.93056,NA,NA,"0"
"650","4_2_7_87828","Arizona",122,"2",1,"A",2,74.96528,149.93056,NA,NA,"0"
"651","4_2_7_89309","Arizona",122,"1",1,"A",6,74.96528,449.79168,NA,NA,"0"
"652","4_2_7_89309","Arizona",122,"2",1,"A",9,74.96528,674.68752,NA,NA,"0"
"653","4_2_7_89483","Arizona",122,"1",1,"A",2,74.96528,149.93056,NA,NA,"0"
"654","4_2_7_89483","Arizona",122,"2",1,"A",1,74.96528,74.96528,NA,NA,"0"
"655","4_2_7_89871","Arizona",122,"1",1,"A",0,74.96528,0,NA,NA,"0"
"656","4_2_7_89871","Arizona",122,"2",1,"A",1,74.96528,74.96528,NA,NA,"0"
"657","4_2_7_90346","Arizona",122,"1",1,"A",1,74.96528,74.96528,NA,NA,"0"
"658","4_2_7_90346","Arizona",122,"2",1,"A",0,74.96528,0,NA,NA,"0"
"659","4_2_7_90379","Arizona",122,"1",1,"A",0,74.96528,0,NA,NA,"0"
"660","4_2_7_90379","Arizona",122,"2",1,"A",1,74.96528,74.96528,NA,NA,"0"
"661","4_2_7_90785","Arizona",122,"1",1,"A",1,74.96528,74.96528,NA,NA,"0"
"662","4_2_7_90785","Arizona",122,"2",1,"A",0,74.96528,0,NA,NA,"0"
"663","4_2_7_90874","Arizona",122,"1",1,"A",1,74.96528,74.96528,NA,NA,"0"
"664","4_2_7_90874","Arizona",122,"2",1,"A",0,74.96528,0,NA,NA,"0"
"665","4_2_7_91013","Arizona",122,"1",1,"A",3,74.96528,224.89584,NA,NA,"0"
"666","4_2_7_91013","Arizona",122,"2",1,"A",1,74.96528,74.96528,NA,NA,"0"
"667","4_2_7_92047","Arizona",122,"1",1,"A",1,74.96528,74.96528,NA,NA,"1"
"668","4_2_7_92047","Arizona",122,"2",1,"A",3,74.96528,224.89584,"1",2009,"1"
"669","4_2_7_92132","Arizona",122,"1",1,"A",1,74.96528,74.96528,NA,NA,"1"
"670","4_2_7_92132","Arizona",122,"2",1,"A",0,74.96528,0,"1",2016,"1"
"671","49_2_9_80970","Utah",122,"1",1,"A",1,74.96528,74.96528,NA,NA,"0"
"672","49_2_9_80970","Utah",122,"2",1,"A",3,74.96528,224.89584,NA,NA,"0"
"673","49_2_9_82093","Utah",122,"1",1,"A",1,74.96528,74.96528,NA,NA,"0"
"674","49_2_9_82093","Utah",122,"2",1,"A",1,74.96528,74.96528,NA,NA,"0"
"675","49_2_9_82816","Utah",122,"1",1,"A",0,74.96528,0,NA,NA,"1"
"676","49_2_9_82816","Utah",122,"2",1,"A",11,74.96528,824.61808,"1",2001,"1"
"677","49_2_9_86136","Utah",122,"1",1,"A",1,74.96528,74.96528,NA,NA,"0"
"678","49_2_9_86136","Utah",122,"2",1,"A",0,74.96528,0,NA,NA,"0"
"679","49_3_55_87176","Utah",122,"1",1,"A",1,74.96528,74.96528,NA,NA,"0"
"680","49_3_55_87176","Utah",122,"2",1,"A",1,74.96528,74.96528,NA,NA,"0"
"681","49_4_19_88725","Utah",122,"1",1,"A",2,74.96528,149.93056,NA,NA,"0"
"682","49_4_19_88725","Utah",122,"2",1,"A",1,74.96528,74.96528,NA,NA,"0"
"683","49_4_37_83320","Utah",122,"1",1,"A",1,74.96528,74.96528,NA,NA,"0"
"684","49_4_37_83320","Utah",122,"2",1,"A",0,74.96528,0,NA,NA,"0"
"685","49_4_37_83360","Utah",122,"1",1,"A",1,74.96528,74.96528,NA,NA,"0"
"686","49_4_37_83360","Utah",122,"2",1,"A",1,74.96528,74.96528,NA,NA,"0"
"687","49_4_37_84013","Utah",122,"1",1,"A",0,74.96528,0,NA,NA,"0"
"688","49_4_37_84013","Utah",122,"2",1,"A",2,74.96528,149.93056,NA,NA,"0"
"689","49_4_7_80808","Utah",122,"1",1,"A",1,74.96528,74.96528,NA,NA,"0"
"690","49_4_7_80808","Utah",122,"2",1,"A",1,74.96528,74.96528,NA,NA,"0"
"691","49_4_7_84182","Utah",122,"1",1,"A",11,74.96528,824.61808,NA,NA,"0"
"692","49_4_7_84182","Utah",122,"2",1,"A",0,74.96528,0,NA,NA,"0"
"693","49_5_1_84233","Utah",122,"1",1,"A",1,74.96528,74.96528,NA,NA,"0"
"694","49_5_1_84233","Utah",122,"2",1,"A",1,74.96528,74.96528,NA,NA,"0"
"695","49_5_17_80018","Utah",122,"1",1,"A",1,74.96528,74.96528,NA,NA,"0"
"696","49_5_17_80018","Utah",122,"2",1,"A",1,74.96528,74.96528,NA,NA,"0"
"697","49_5_17_80340","Utah",122,"1",1,"A",2,74.96528,149.93056,NA,NA,"0"
"698","49_5_17_80340","Utah",122,"2",1,"A",1,74.96528,74.96528,NA,NA,"0"
"699","49_5_17_81947","Utah",122,"1",1,"A",1,74.96528,74.96528,NA,NA,"0"
"700","49_5_17_81947","Utah",122,"2",1,"A",2,74.96528,149.93056,NA,NA,"0"
"701","49_5_17_82144","Utah",122,"1",1,"A",1,74.96528,74.96528,NA,NA,"0"
"702","49_5_17_82144","Utah",122,"2",1,"A",1,74.96528,74.96528,NA,NA,"0"
"703","49_5_17_82193","Utah",122,"1",1,"A",1,74.96528,74.96528,NA,NA,"0"
"704","49_5_17_82193","Utah",122,"2",1,"A",0,74.96528,0,NA,NA,"0"
"705","49_5_17_82261","Utah",122,"1",1,"A",2,74.96528,149.93056,NA,NA,"0"
"706","49_5_17_82261","Utah",122,"2",1,"A",2,74.96528,149.93056,NA,NA,"0"
"707","49_5_17_82565","Utah",122,"1",1,"A",1,74.96528,74.96528,NA,NA,"0"
"708","49_5_17_82565","Utah",122,"2",1,"A",1,74.96528,74.96528,NA,NA,"0"
"709","49_5_17_82889","Utah",122,"1",1,"A",0,74.96528,0,NA,NA,"0"
"710","49_5_17_82889","Utah",122,"2",1,"A",1,74.96528,74.96528,NA,NA,"0"
"711","49_5_17_83152","Utah",122,"1",1,"A",1,74.96528,74.96528,NA,NA,"0"
"712","49_5_17_83152","Utah",122,"2",1,"A",0,74.96528,0,NA,NA,"0"
"713","49_5_17_83678","Utah",122,"1",1,"A",1,74.96528,74.96528,NA,NA,"0"
"714","49_5_17_83678","Utah",122,"2",1,"A",1,74.96528,74.96528,NA,NA,"0"
"715","49_5_17_85444","Utah",122,"1",1,"A",0,74.96528,0,NA,NA,"0"
"716","49_5_17_85444","Utah",122,"2",1,"A",1,74.96528,74.96528,NA,NA,"0"
"717","49_5_17_85546","Utah",122,"1",1,"A",2,74.96528,149.93056,NA,NA,"1"
"718","49_5_17_85546","Utah",122,"2",1,"A",1,74.96528,74.96528,"1",2009,"1"
"719","49_5_17_85603","Utah",122,"1",1,"A",1,74.96528,74.96528,NA,NA,"0"
"720","49_5_17_85603","Utah",122,"2",1,"A",1,74.96528,74.96528,NA,NA,"0"
"721","49_5_17_86120","Utah",122,"1",1,"A",1,74.96528,74.96528,NA,NA,"0"
"722","49_5_17_86120","Utah",122,"2",1,"A",0,74.96528,0,NA,NA,"0"
"723","49_5_17_86332","Utah",122,"1",1,"A",0,74.96528,0,NA,NA,"0"
"724","49_5_17_86332","Utah",122,"2",1,"A",1,74.96528,74.96528,NA,NA,"0"
"725","49_5_17_88062","Utah",122,"1",1,"A",7,74.96528,524.75696,NA,NA,"0"
"726","49_5_17_88062","Utah",122,"2",1,"A",4,74.96528,299.86112,NA,NA,"0"
"727","49_5_25_85291","Utah",122,"1",1,"A",2,74.96528,149.93056,NA,NA,"1"
"728","49_5_25_85291","Utah",122,"2",1,"A",0,74.96528,0,"1",2012,"1"
"729","49_5_25_85359","Utah",122,"1",1,"A",0,74.96528,0,NA,NA,"0"
"730","49_5_25_85359","Utah",122,"2",1,"A",3,74.96528,224.89584,NA,NA,"0"
"731","49_5_25_85619","Utah",122,"1",1,"A",2,74.96528,149.93056,NA,NA,"0"
"732","49_5_25_85619","Utah",122,"2",1,"A",5,74.96528,374.8264,NA,NA,"0"
"733","49_5_25_87990","Utah",122,"1",1,"A",1,74.96528,74.96528,NA,NA,"0"
"734","49_5_25_87990","Utah",122,"2",1,"A",0,74.96528,0,NA,NA,"0"
"735","49_5_25_88374","Utah",122,"1",1,"A",1,74.96528,74.96528,NA,NA,"0"
"736","49_5_25_88374","Utah",122,"2",1,"A",1,74.96528,74.96528,NA,NA,"0"
"737","49_5_25_88924","Utah",122,"1",1,"A",1,74.96528,74.96528,NA,NA,"0"
"738","49_5_25_88924","Utah",122,"2",1,"A",1,74.96528,74.96528,NA,NA,"0"
"739","49_5_53_80379","Utah",122,"1",1,"A",2,74.96528,149.93056,NA,NA,"0"
"740","49_5_53_80379","Utah",122,"2",1,"A",7,74.96528,524.75696,NA,NA,"0"
"741","49_5_53_81653","Utah",122,"1",1,"A",0,74.96528,0,NA,NA,"1"
"742","49_5_53_81653","Utah",122,"2",1,"A",3,74.96528,224.89584,"1",2010,"1"
"743","8_1_119_80818","Colorado",122,"1",1,"A",0,74.96528,0,NA,NA,"0"
"744","8_1_119_80818","Colorado",122,"2",1,"A",1,74.96528,74.96528,NA,NA,"0"
"745","8_1_119_81506","Colorado",122,"1",1,"A",0,74.96528,0,NA,NA,"0"
"746","8_1_119_81506","Colorado",122,"2",1,"A",1,74.96528,74.96528,NA,NA,"0"
"747","8_1_119_85289","Colorado",122,"1",1,"A",0,74.96528,0,NA,NA,"0"
"748","8_1_119_85289","Colorado",122,"2",1,"A",1,74.96528,74.96528,NA,NA,"0"
"749","8_1_119_87171","Colorado",122,"1",1,"A",0,74.96528,0,NA,NA,"0"
"750","8_1_119_87171","Colorado",122,"2",1,"A",1,74.96528,74.96528,NA,NA,"0"
"751","8_1_119_89999","Colorado",122,"1",1,"A",0,74.96528,0,NA,NA,"0"
"752","8_1_119_89999","Colorado",122,"2",1,"A",1,74.96528,74.96528,NA,NA,"0"
"753","8_1_13_81153","Colorado",122,"1",1,"A",4,74.96528,299.86112,NA,NA,"0"
"754","8_1_13_81153","Colorado",122,"2",1,"A",1,74.96528,74.96528,NA,NA,"0"
"755","8_1_13_83608","Colorado",122,"1",1,"A",7,74.96528,524.75696,NA,NA,"0"
"756","8_1_13_83608","Colorado",122,"2",1,"A",0,74.96528,0,NA,NA,"0"
"757","8_1_13_83636","Colorado",122,"1",1,"A",1,74.96528,74.96528,NA,NA,"0"
"758","8_1_13_83636","Colorado",122,"2",1,"A",1,74.96528,74.96528,NA,NA,"0"
"759","8_1_13_84055","Colorado",122,"1",1,"A",5,74.96528,374.8264,NA,NA,"0"
"760","8_1_13_84055","Colorado",122,"2",1,"A",6,74.96528,449.79168,NA,NA,"0"
"761","8_1_13_85697","Colorado",122,"1",1,"A",0,74.96528,0,NA,NA,"0"
"762","8_1_13_85697","Colorado",122,"2",1,"A",2,74.96528,149.93056,NA,NA,"0"
"763","8_1_13_88597","Colorado",122,"1",1,"A",3,74.96528,224.89584,NA,NA,"0"
"764","8_1_13_88597","Colorado",122,"2",1,"A",3,74.96528,224.89584,NA,NA,"0"
"765","8_1_13_90621","Colorado",122,"1",1,"A",3,74.96528,224.89584,NA,NA,"0"
"766","8_1_13_90621","Colorado",122,"2",1,"A",0,74.96528,0,NA,NA,"0"
"767","8_1_19_82131","Colorado",122,"1",1,"A",2,74.96528,149.93056,NA,NA,"0"
"768","8_1_19_82131","Colorado",122,"2",1,"A",1,74.96528,74.96528,NA,NA,"0"
"769","8_1_35_87315","Colorado",122,"1",1,"A",0,74.96528,0,NA,NA,"0"
"770","8_1_35_87315","Colorado",122,"2",1,"A",7,74.96528,524.75696,NA,NA,"0"
"771","8_1_35_90047","Colorado",122,"1",1,"A",0,74.96528,0,NA,NA,"0"
"772","8_1_35_90047","Colorado",122,"2",1,"A",1,74.96528,74.96528,NA,NA,"0"
"773","8_1_39_80925","Colorado",122,"1",1,"A",9,74.96528,674.68752,NA,NA,"0"
"774","8_1_39_80925","Colorado",122,"2",1,"A",6,74.96528,449.79168,NA,NA,"0"
"775","8_1_39_81657","Colorado",122,"1",1,"A",4,74.96528,299.86112,NA,NA,"0"
"776","8_1_39_81657","Colorado",122,"2",1,"A",0,74.96528,0,NA,NA,"0"
"777","8_1_39_83097","Colorado",122,"1",1,"A",1,74.96528,74.96528,NA,NA,"0"
"778","8_1_39_83097","Colorado",122,"2",1,"A",0,74.96528,0,NA,NA,"0"
"779","8_1_41_81367","Colorado",122,"1",1,"A",7,74.96528,524.75696,NA,NA,"0"
"780","8_1_41_81367","Colorado",122,"2",1,"A",5,74.96528,374.8264,NA,NA,"0"
"781","8_1_41_82912","Colorado",122,"1",1,"A",0,74.96528,0,NA,NA,"0"
"782","8_1_41_82912","Colorado",122,"2",1,"A",3,74.96528,224.89584,NA,NA,"0"
"783","8_1_41_83674","Colorado",122,"1",1,"A",3,74.96528,224.89584,NA,NA,"0"
"784","8_1_41_83674","Colorado",122,"2",1,"A",0,74.96528,0,NA,NA,"0"
"785","8_1_41_85234","Colorado",122,"1",1,"A",1,74.96528,74.96528,NA,NA,"0"
"786","8_1_41_85234","Colorado",122,"2",1,"A",0,74.96528,0,NA,NA,"0"
"787","8_1_41_87477","Colorado",122,"1",1,"A",2,74.96528,149.93056,NA,NA,"0"
"788","8_1_41_87477","Colorado",122,"2",1,"A",1,74.96528,74.96528,NA,NA,"0"
"789","8_1_41_88019","Colorado",122,"1",1,"A",1,74.96528,74.96528,NA,NA,"0"
"790","8_1_41_88019","Colorado",122,"2",1,"A",0,74.96528,0,NA,NA,"0"
"791","8_1_41_89061","Colorado",122,"1",1,"A",1,74.96528,74.96528,NA,NA,"0"
"792","8_1_41_89061","Colorado",122,"2",1,"A",0,74.96528,0,NA,NA,"0"
"793","8_1_41_90615","Colorado",122,"1",1,"A",2,74.96528,149.93056,NA,NA,"0"
"794","8_1_41_90615","Colorado",122,"2",1,"A",0,74.96528,0,NA,NA,"0"
"795","8_1_41_90835","Colorado",122,"1",1,"A",0,74.96528,0,NA,NA,"0"
"796","8_1_41_90835","Colorado",122,"2",1,"A",5,74.96528,374.8264,NA,NA,"0"
"797","8_1_41_91104","Colorado",122,"1",1,"A",0,74.96528,0,NA,NA,"0"
"798","8_1_41_91104","Colorado",122,"2",1,"A",1,74.96528,74.96528,NA,NA,"0"
"799","8_1_41_91202","Colorado",122,"1",1,"A",2,74.96528,149.93056,NA,NA,"0"
"800","8_1_41_91202","Colorado",122,"2",1,"A",2,74.96528,149.93056,NA,NA,"0"
"801","8_1_59_86149","Colorado",122,"1",1,"A",1,74.96528,74.96528,NA,NA,"0"
"802","8_1_59_86149","Colorado",122,"2",1,"A",0,74.96528,0,NA,NA,"0"
"803","8_1_59_87779","Colorado",122,"1",1,"A",2,74.96528,149.93056,NA,NA,"0"
"804","8_1_59_87779","Colorado",122,"2",1,"A",10,74.96528,749.6528,NA,NA,"0"
"805","8_1_59_89093","Colorado",122,"1",1,"A",0,74.96528,0,NA,NA,"0"
"806","8_1_59_89093","Colorado",122,"2",1,"A",2,74.96528,149.93056,NA,NA,"0"
"807","8_1_59_89704","Colorado",122,"1",1,"A",6,74.96528,449.79168,NA,NA,"0"
"808","8_1_59_89704","Colorado",122,"2",1,"A",2,74.96528,149.93056,NA,NA,"0"
"809","8_1_69_81083","Colorado",122,"1",1,"A",1,74.96528,74.96528,NA,NA,"0"
"810","8_1_69_81083","Colorado",122,"2",1,"A",1,74.96528,74.96528,NA,NA,"0"
"811","8_1_69_81390","Colorado",122,"1",1,"A",0,74.96528,0,NA,NA,"0"
"812","8_1_69_81390","Colorado",122,"2",1,"A",1,74.96528,74.96528,NA,NA,"0"
"813","8_1_69_81610","Colorado",122,"1",1,"A",2,74.96528,149.93056,NA,NA,"0"
"814","8_1_69_81610","Colorado",122,"2",1,"A",0,74.96528,0,NA,NA,"0"
"815","8_1_69_82387","Colorado",122,"1",1,"A",1,74.96528,74.96528,NA,NA,"0"
"816","8_1_69_82387","Colorado",122,"2",1,"A",1,74.96528,74.96528,NA,NA,"0"
"817","8_1_69_82579","Colorado",122,"1",1,"A",4,74.96528,299.86112,NA,NA,"0"
"818","8_1_69_82579","Colorado",122,"2",1,"A",6,74.96528,449.79168,NA,NA,"0"
"819","8_1_69_83476","Colorado",122,"1",1,"A",0,74.96528,0,NA,NA,"0"
"820","8_1_69_83476","Colorado",122,"2",1,"A",2,74.96528,149.93056,NA,NA,"0"
"821","8_1_69_84369","Colorado",122,"1",1,"A",4,74.96528,299.86112,NA,NA,"1"
"822","8_1_69_84369","Colorado",122,"2",1,"A",0,74.96528,0,"1",2012,"1"
"823","8_1_69_84706","Colorado",122,"1",1,"A",1,74.96528,74.96528,NA,NA,"0"
"824","8_1_69_84706","Colorado",122,"2",1,"A",0,74.96528,0,NA,NA,"0"
"825","8_1_69_85034","Colorado",122,"1",1,"A",3,74.96528,224.89584,NA,NA,"0"
"826","8_1_69_85034","Colorado",122,"2",1,"A",4,74.96528,299.86112,NA,NA,"0"
"827","8_1_69_85548","Colorado",122,"1",1,"A",2,74.96528,149.93056,NA,NA,"0"
"828","8_1_69_85548","Colorado",122,"2",1,"A",0,74.96528,0,NA,NA,"0"
"829","8_1_69_86017","Colorado",122,"1",1,"A",1,74.96528,74.96528,NA,NA,"0"
"830","8_1_69_86017","Colorado",122,"2",1,"A",1,74.96528,74.96528,NA,NA,"0"
"831","8_1_69_86512","Colorado",122,"1",1,"A",0,74.96528,0,NA,NA,"0"
"832","8_1_69_86512","Colorado",122,"2",1,"A",1,74.96528,74.96528,NA,NA,"0"
"833","8_1_69_86529","Colorado",122,"1",1,"A",3,74.96528,224.89584,NA,NA,"0"
"834","8_1_69_86529","Colorado",122,"2",1,"A",2,74.96528,149.93056,NA,NA,"0"
"835","8_1_69_86831","Colorado",122,"1",1,"A",1,74.96528,74.96528,NA,NA,"0"
"836","8_1_69_86831","Colorado",122,"2",1,"A",0,74.96528,0,NA,NA,"0"
"837","8_1_69_87151","Colorado",122,"1",1,"A",0,74.96528,0,NA,NA,"0"
"838","8_1_69_87151","Colorado",122,"2",1,"A",1,74.96528,74.96528,NA,NA,"0"
"839","8_1_69_87504","Colorado",122,"1",1,"A",0,74.96528,0,NA,NA,"0"
"840","8_1_69_87504","Colorado",122,"2",1,"A",7,74.96528,524.75696,NA,NA,"0"
"841","8_1_69_87607","Colorado",122,"1",1,"A",1,74.96528,74.96528,NA,NA,"1"
"842","8_1_69_87607","Colorado",122,"2",1,"A",0,74.96528,0,"1",2012,"1"
"843","8_1_69_88036","Colorado",122,"1",1,"A",1,74.96528,74.96528,NA,NA,"0"
"844","8_1_69_88036","Colorado",122,"2",1,"A",0,74.96528,0,NA,NA,"0"
"845","8_1_69_88439","Colorado",122,"1",1,"A",1,74.96528,74.96528,NA,NA,"0"
"846","8_1_69_88439","Colorado",122,"2",1,"A",2,74.96528,149.93056,NA,NA,"0"
"847","8_1_69_89203","Colorado",122,"1",1,"A",1,74.96528,74.96528,NA,NA,"0"
"848","8_1_69_89203","Colorado",122,"2",1,"A",1,74.96528,74.96528,NA,NA,"0"
"849","8_1_69_90232","Colorado",122,"1",1,"A",1,74.96528,74.96528,NA,NA,"0"
"850","8_1_69_90232","Colorado",122,"2",1,"A",1,74.96528,74.96528,NA,NA,"0"
"851","8_1_69_90710","Colorado",122,"1",1,"A",0,74.96528,0,NA,NA,"0"
"852","8_1_69_90710","Colorado",122,"2",1,"A",1,74.96528,74.96528,NA,NA,"0"
"853","8_1_69_90881","Colorado",122,"1",1,"A",2,74.96528,149.93056,NA,NA,"1"
"854","8_1_69_90881","Colorado",122,"2",1,"A",0,74.96528,0,"1",2012,"1"
"855","8_1_93_82244","Colorado",122,"1",1,"A",1,74.96528,74.96528,NA,NA,"0"
"856","8_1_93_82244","Colorado",122,"2",1,"A",1,74.96528,74.96528,NA,NA,"0"
"857","8_1_93_82898","Colorado",122,"1",1,"A",4,74.96528,299.86112,NA,NA,"0"
"858","8_1_93_82898","Colorado",122,"2",1,"A",0,74.96528,0,NA,NA,"0"
"859","8_1_93_83092","Colorado",122,"1",1,"A",0,74.96528,0,NA,NA,"0"
"860","8_1_93_83092","Colorado",122,"2",1,"A",3,74.96528,224.89584,NA,NA,"0"
"861","8_1_93_84408","Colorado",122,"1",1,"A",4,74.96528,299.86112,NA,NA,"0"
"862","8_1_93_84408","Colorado",122,"2",1,"A",0,74.96528,0,NA,NA,"0"
"863","8_1_93_84419","Colorado",122,"1",1,"A",0,74.96528,0,NA,NA,"0"
"864","8_1_93_84419","Colorado",122,"2",1,"A",2,74.96528,149.93056,NA,NA,"0"
"865","8_1_93_84958","Colorado",122,"1",1,"A",1,74.96528,74.96528,NA,NA,"0"
"866","8_1_93_84958","Colorado",122,"2",1,"A",0,74.96528,0,NA,NA,"0"
"867","8_1_93_85089","Colorado",122,"1",1,"A",0,74.96528,0,NA,NA,"0"
"868","8_1_93_85089","Colorado",122,"2",1,"A",9,74.96528,674.68752,NA,NA,"0"
"869","8_1_93_87502","Colorado",122,"1",1,"A",0,74.96528,0,NA,NA,"0"
"870","8_1_93_87502","Colorado",122,"2",1,"A",1,74.96528,74.96528,NA,NA,"0"
"871","8_1_93_88724","Colorado",122,"1",1,"A",0,74.96528,0,NA,NA,"0"
"872","8_1_93_88724","Colorado",122,"2",1,"A",6,74.96528,449.79168,NA,NA,"0"
"873","8_1_93_89014","Colorado",122,"1",1,"A",0,74.96528,0,NA,NA,"0"
"874","8_1_93_89014","Colorado",122,"2",1,"A",1,74.96528,74.96528,NA,NA,"0"
"875","8_1_93_89141","Colorado",122,"1",1,"A",0,74.96528,0,NA,NA,"0"
"876","8_1_93_89141","Colorado",122,"2",1,"A",1,74.96528,74.96528,NA,NA,"0"
"877","8_1_93_89342","Colorado",122,"1",1,"A",1,74.96528,74.96528,NA,NA,"0"
"878","8_1_93_89342","Colorado",122,"2",1,"A",1,74.96528,74.96528,NA,NA,"0"
"879","8_1_93_89515","Colorado",122,"1",1,"A",1,74.96528,74.96528,NA,NA,"0"
"880","8_1_93_89515","Colorado",122,"2",1,"A",0,74.96528,0,NA,NA,"0"
"881","8_1_93_90731","Colorado",122,"1",1,"A",2,74.96528,149.93056,NA,NA,"0"
"882","8_1_93_90731","Colorado",122,"2",1,"A",2,74.96528,149.93056,NA,NA,"0"
"883","8_2_101_88511","Colorado",122,"1",1,"A",0,74.96528,0,NA,NA,"0"
"884","8_2_101_88511","Colorado",122,"2",1,"A",3,74.96528,224.89584,NA,NA,"0"
"885","8_2_15_80930","Colorado",122,"1",1,"A",0,74.96528,0,NA,NA,"0"
"886","8_2_15_80930","Colorado",122,"2",1,"A",1,74.96528,74.96528,NA,NA,"0"
"887","8_2_15_81394","Colorado",122,"1",1,"A",2,74.96528,149.93056,NA,NA,"0"
"888","8_2_15_81394","Colorado",122,"2",1,"A",2,74.96528,149.93056,NA,NA,"0"
"889","8_2_23_81716","Colorado",122,"1",1,"A",1,74.96528,74.96528,NA,NA,"0"
"890","8_2_23_81716","Colorado",122,"2",1,"A",1,74.96528,74.96528,NA,NA,"0"
"891","8_2_23_81893","Colorado",122,"1",1,"A",1,74.96528,74.96528,NA,NA,"0"
"892","8_2_23_81893","Colorado",122,"2",1,"A",1,74.96528,74.96528,NA,NA,"0"
"893","8_2_23_88618","Colorado",122,"1",1,"A",1,74.96528,74.96528,NA,NA,"0"
"894","8_2_23_88618","Colorado",122,"2",1,"A",1,74.96528,74.96528,NA,NA,"0"
"895","8_2_27_84894","Colorado",122,"1",1,"A",0,74.96528,0,NA,NA,"1"
"896","8_2_27_84894","Colorado",122,"2",1,"A",1,74.96528,74.96528,"1",2008,"1"
"897","8_2_27_88992","Colorado",122,"1",1,"A",1,74.96528,74.96528,NA,NA,"0"
"898","8_2_27_88992","Colorado",122,"2",1,"A",0,74.96528,0,NA,NA,"0"
"899","8_2_43_82695","Colorado",122,"1",1,"A",3,74.96528,224.89584,NA,NA,"0"
"900","8_2_43_82695","Colorado",122,"2",1,"A",2,74.96528,149.93056,NA,NA,"0"
"901","8_2_43_86611","Colorado",122,"1",1,"A",1,74.96528,74.96528,NA,NA,"0"
"902","8_2_43_86611","Colorado",122,"2",1,"A",1,74.96528,74.96528,NA,NA,"0"
"903","8_2_43_89273","Colorado",122,"1",1,"A",0,74.96528,0,NA,NA,"0"
"904","8_2_43_89273","Colorado",122,"2",1,"A",1,74.96528,74.96528,NA,NA,"0"
"905","8_2_55_83493","Colorado",122,"1",1,"A",3,74.96528,224.89584,NA,NA,"0"
"906","8_2_55_83493","Colorado",122,"2",1,"A",2,74.96528,149.93056,NA,NA,"0"
"907","8_2_55_85481","Colorado",122,"1",1,"A",1,74.96528,74.96528,NA,NA,"0"
"908","8_2_55_85481","Colorado",122,"2",1,"A",0,74.96528,0,NA,NA,"0"
"909","8_2_71_81562","Colorado",122,"1",1,"A",7,74.96528,524.75696,NA,NA,"0"
"910","8_2_71_81562","Colorado",122,"2",1,"A",3,74.96528,224.89584,NA,NA,"0"
"911","8_2_71_81685","Colorado",122,"1",1,"A",2,74.96528,149.93056,NA,NA,"0"
"912","8_2_71_81685","Colorado",122,"2",1,"A",1,74.96528,74.96528,NA,NA,"0"
"913","8_2_71_82586","Colorado",122,"1",1,"A",3,74.96528,224.89584,NA,NA,"0"
"914","8_2_71_82586","Colorado",122,"2",1,"A",0,74.96528,0,NA,NA,"0"
"915","8_2_71_82689","Colorado",122,"1",1,"A",1,74.96528,74.96528,NA,NA,"0"
"916","8_2_71_82689","Colorado",122,"2",1,"A",2,74.96528,149.93056,NA,NA,"0"
"917","8_2_71_83523","Colorado",122,"1",1,"A",0,74.96528,0,NA,NA,"0"
"918","8_2_71_83523","Colorado",122,"2",1,"A",1,74.96528,74.96528,NA,NA,"0"
"919","8_2_71_86442","Colorado",122,"1",1,"A",0,74.96528,0,NA,NA,"0"
"920","8_2_71_86442","Colorado",122,"2",1,"A",2,74.96528,149.93056,NA,NA,"0"
"921","8_2_71_87238","Colorado",122,"1",1,"A",0,74.96528,0,NA,NA,"0"
"922","8_2_71_87238","Colorado",122,"2",1,"A",3,74.96528,224.89584,NA,NA,"0"
"923","8_2_71_90984","Colorado",122,"1",1,"A",3,74.96528,224.89584,NA,NA,"0"
"924","8_2_71_90984","Colorado",122,"2",1,"A",3,74.96528,224.89584,NA,NA,"0"
"925","8_3_109_81912","Colorado",122,"1",1,"A",0,74.96528,0,NA,NA,"0"
"926","8_3_109_81912","Colorado",122,"2",1,"A",1,74.96528,74.96528,NA,NA,"0"
"927","8_3_109_82455","Colorado",122,"1",1,"A",2,74.96528,149.93056,NA,NA,"0"
"928","8_3_109_82455","Colorado",122,"2",1,"A",1,74.96528,74.96528,NA,NA,"0"
"929","8_3_109_84277","Colorado",122,"1",1,"A",1,74.96528,74.96528,NA,NA,"0"
"930","8_3_109_84277","Colorado",122,"2",1,"A",0,74.96528,0,NA,NA,"0"
"931","8_3_109_84513","Colorado",122,"1",1,"A",4,74.96528,299.86112,NA,NA,"0"
"932","8_3_109_84513","Colorado",122,"2",1,"A",1,74.96528,74.96528,NA,NA,"0"
"933","8_3_109_86077","Colorado",122,"1",1,"A",1,74.96528,74.96528,NA,NA,"0"
"934","8_3_109_86077","Colorado",122,"2",1,"A",0,74.96528,0,NA,NA,"0"
"935","8_3_109_89489","Colorado",122,"1",1,"A",1,74.96528,74.96528,NA,NA,"0"
"936","8_3_109_89489","Colorado",122,"2",1,"A",0,74.96528,0,NA,NA,"0"
"937","8_3_51_88763","Colorado",122,"1",1,"A",0,74.96528,0,NA,NA,"0"
"938","8_3_51_88763","Colorado",122,"2",1,"A",1,74.96528,74.96528,NA,NA,"0"
"939","8_3_79_81895","Colorado",122,"1",1,"A",1,74.96528,74.96528,NA,NA,"0"
"940","8_3_79_81895","Colorado",122,"2",1,"A",0,74.96528,0,NA,NA,"0"
"941","8_3_79_84778","Colorado",122,"1",1,"A",0,74.96528,0,NA,NA,"0"
"942","8_3_79_84778","Colorado",122,"2",1,"A",1,74.96528,74.96528,NA,NA,"0"
"943","8_4_113_82337","Colorado",122,"1",1,"A",0,74.96528,0,NA,NA,"0"
"944","8_4_113_82337","Colorado",122,"2",1,"A",4,74.96528,299.86112,NA,NA,"0"
"945","8_4_113_89075","Colorado",122,"1",1,"A",1,74.96528,74.96528,NA,NA,"0"
"946","8_4_113_89075","Colorado",122,"2",1,"A",1,74.96528,74.96528,NA,NA,"0"
"947","8_4_113_90146","Colorado",122,"1",1,"A",1,74.96528,74.96528,NA,NA,"0"
"948","8_4_113_90146","Colorado",122,"2",1,"A",0,74.96528,0,NA,NA,"0"
"949","8_4_33_84715","Colorado",122,"1",1,"A",1,74.96528,74.96528,NA,NA,"0"
"950","8_4_33_84715","Colorado",122,"2",1,"A",0,74.96528,0,NA,NA,"0"
"951","8_4_67_81791","Colorado",122,"1",1,"A",41,74.96528,3073.57648,NA,NA,"0"
"952","8_4_67_81791","Colorado",122,"2",1,"A",0,74.96528,0,NA,NA,"0"
"953","8_4_67_84611","Colorado",122,"1",1,"A",0,74.96528,0,NA,NA,"0"
"954","8_4_67_84611","Colorado",122,"2",1,"A",10,74.96528,749.6528,NA,NA,"0"
"955","8_4_67_91105","Colorado",122,"1",1,"A",0,74.96528,0,NA,NA,"0"
"956","8_4_67_91105","Colorado",122,"2",1,"A",20,74.96528,1499.3056,NA,NA,"0"
"957","8_4_7_82167","Colorado",122,"1",1,"A",1,74.96528,74.96528,NA,NA,"0"
"958","8_4_7_82167","Colorado",122,"2",1,"A",0,74.96528,0,NA,NA,"0"
"959","8_4_77_80356","Colorado",122,"1",1,"A",1,74.96528,74.96528,NA,NA,"0"
"960","8_4_77_80356","Colorado",122,"2",1,"A",1,74.96528,74.96528,NA,NA,"0"
"961","8_4_83_81614","Colorado",122,"1",1,"A",0,74.96528,0,NA,NA,"0"
"962","8_4_83_81614","Colorado",122,"2",1,"A",5,74.96528,374.8264,NA,NA,"0"
"963","8_4_83_86505","Colorado",122,"1",1,"A",1,74.96528,74.96528,NA,NA,"0"
"964","8_4_83_86505","Colorado",122,"2",1,"A",0,74.96528,0,NA,NA,"0"
